datetime_str,datetime_jd,Sun_solar_term,Zodiac_signs,Zodiac_degree,Sun_RA,Moon_RA,Mars_RA,Mercury_RA,Jupiter_RA,Venus_RA,Saturn_RA,Neptune_RA,Uranus_RA,Pluto_RA,Sun_DEC,Moon_DEC,Mars_DEC,Mercury_DEC,Jupiter_DEC,Venus_DEC,Saturn_DEC,Neptune_DEC,Uranus_DEC,Pluto_DEC,Sun_ObsEclLon,Moon_ObsEclLon,Mars_ObsEclLon,Mercury_ObsEclLon,Jupiter_ObsEclLon,Venus_ObsEclLon,Saturn_ObsEclLon,Neptune_ObsEclLon,Uranus_ObsEclLon,Pluto_ObsEclLon,Sun_ObsEclLat,Moon_ObsEclLat,Mars_ObsEclLat,Mercury_ObsEclLat,Jupiter_ObsEclLat,Venus_ObsEclLat,Saturn_ObsEclLat,Neptune_ObsEclLat,Uranus_ObsEclLat,Pluto_ObsEclLat,Sun_illumination,Moon_illumination,Mars_illumination,Mercury_illumination,Jupiter_illumination,Venus_illumination,Saturn_illumination,Neptune_illumination,Uranus_illumination,Pluto_illumination,Sun_AZ,Moon_AZ,Mars_AZ,Mercury_AZ,Jupiter_AZ,Venus_AZ,Saturn_AZ,Neptune_AZ,Uranus_AZ,Pluto_AZ,Sun_EL,Moon_EL,Mars_EL,Mercury_EL,Jupiter_EL,Venus_EL,Saturn_EL,Neptune_EL,Uranus_EL,Pluto_EL,targetname,e,q,incl,Omega,w,Tp_jd,n,M,nu,a,Q,P
1980-03-08 22:12:10,2444307.425115741,Second_month_midpoint_驚蟄,Pisces,18.499694599999998,349.68933,244.5284,154.79181,343.39369,156.25409,30.03113,175.7507,233.55643,262.33227,206.45009,-4.43714,-15.961,14.89097,-3.40857,11.32084,13.62563,4.45961,-18.93504,-21.88122,7.9709,348.4996946,245.1848069,150.9679898,343.1029604,153.5925572,32.4068812,174.0566287,235.5361232,262.6059057,201.2409661,0.0003521,5.3367709,4.1306786,3.3789602,1.3194866,1.2971826,2.4045061,0.2860553,1.3713359,17.6196014,100.0,61.59064,,2.09286,,64.33751,,,,,69.685754,263.063375,254.926552,62.953543,248.73339,73.079831,253.879957,256.514857,261.128413,271.856729,48.831502,26.973537,-66.624869,53.606,-63.786719,5.004162,-43.517626,17.92844,44.739848,-16.852432,Moon (301),0.06629958295089715,0.002372525148117493,5.26267451457229,149.3673688295926,222.3870749399348,2444316.304511441,13.41735343706752,240.8620095823842,234.4969020293206,0.00254099184791595,0.002709458547714407,26.83092471913606
1980-03-08 14:29:56,2444307.1041203705,Second_month_midpoint_驚蟄,Pisces,18.178451100000018,349.39272,241.91282,154.90059,343.6684,156.29164,29.6891,175.77382,233.55916,262.32935,206.45589,-4.56235,-15.27338,14.861,-3.24754,11.30655,13.47801,4.44924,-18.93568,-21.88127,7.96667,348.1784511,242.5715959,151.0772649,343.4183404,153.6321847,32.0436754,174.0820374,235.53878,262.6031322,201.2482933,0.0008486,5.5596518,4.1407353,3.4230137,1.3196415,1.2734312,2.4041872,0.2861032,1.3711882,17.617852,100.0,63.51157,,1.78695,,64.46787,,,,,133.709174,88.807289,309.603213,125.834603,307.446867,237.694044,322.222126,91.073949,103.351001,20.41059,-52.565883,45.711456,35.228271,-49.429083,38.619559,-73.682192,56.613743,54.372247,28.797597,57.454559,Moon (301),0.0656601077559636,0.00237547595373296,5.262626447210789,149.3736078353002,222.1304042186357,2444316.2965514,13.40612138606228,236.7651537805106,230.7540922404632,0.002542410929311492,0.002709345904890025,26.85340447344264
1980-03-02 23:28:57,2444301.4784375,First_month_midpoint_雨水,Pisces,12.54724010000001,344.17503,175.66592,156.92393,348.60014,156.96678,23.75919,176.17162,233.588,262.2657,206.54963,-6.74288,4.43207,14.23824,-0.943,11.04455,10.82571,4.2675,-18.94288,-21.88181,7.89242,342.5472401,173.9897708,153.1335386,348.8647397,154.3445851,25.6820817,174.5183392,235.5663454,262.5435762,201.3672139,0.0004077,2.3456344,4.2737747,3.641718,1.3176121,0.8532191,2.3948622,0.2854946,1.3674478,17.5834727,100.0,98.97169,,3.34001,,66.73288,,,,,52.755538,243.387969,236.217173,50.29754,227.32554,66.466699,243.641596,252.069632,257.760575,266.584977,65.510027,-55.049378,-75.781121,58.312996,-73.606323,23.285469,-54.539524,6.114274,32.583966,-29.031374,Moon (301),0.04902722423785668,0.002461618595334095,5.275987383498274,149.5786622224746,209.5577045791844,2444288.045597785,13.04946623580394,175.2913883122051,175.7259628278024,0.002588526883286713,0.002715435171239331,27.58733525914375
1980-02-29 11:13:27,2444298.967673611,First_month_midpoint_雨水,Pisces,10.027732599999979,341.82604,147.24096,157.87112,350.27552,157.27502,21.11056,176.34495,233.59184,262.23152,206.58755,-7.70031,13.32398,13.92402,-0.50247,10.92366,9.59896,4.18739,-18.94396,-21.88169,7.85942,340.0277326,144.6431682,154.1063337,350.5817902,154.6706802,22.8066323,174.7090073,235.5698598,262.5115387,201.416573,0.0014987,0.1129657,4.3200252,3.3907425,1.3161173,0.6709394,2.3900626,0.2853512,1.3659174,17.5668359,100.0,98.2164,,8.76679,,67.70027,,,,,219.602461,14.325154,29.291872,237.428485,30.706625,268.547827,58.739258,109.37063,125.120899,73.661863,-51.863391,52.890705,48.647125,-51.212456,51.565816,-28.752867,44.165337,2.647848,-19.427092,16.624278,Moon (301),0.04771179098034956,0.002463299775292375,5.287509895560337,149.6028224685864,201.2044274506417,2444287.35633807,13.06316695248175,151.6808147143485,154.1440706954067,0.002586716659894656,0.002710133544496938,27.55840152005459
1980-02-27 21:17:20,2444297.387037037,First_month_midpoint_雨水,Pisces,8.443302800000026,340.34416,127.45665,158.46904,350.97872,157.46957,19.4504,176.45164,233.59087,262.20794,206.60983,-8.29802,16.83124,13.71394,-0.4798,10.84628,8.81558,4.1374,-18.94399,-21.88156,7.83874,338.4433028,125.3519206,154.725072,351.2384328,154.8767017,20.9937895,174.8264514,235.568851,262.4896133,201.4459668,-5.89e-05,-2.0980921,4.3398714,3.1351007,1.3142803,0.5556229,2.386432,0.2850763,1.3648359,17.5558587,100.0,91.90061,,13.60683,,68.30255,,,,,82.942017,256.141939,268.700992,79.551797,264.668629,82.567312,265.585565,263.651021,266.986906,280.750766,37.720984,-70.677855,-41.31578,24.873274,-41.280817,-4.83101,-21.328109,39.401976,66.274442,4.970126,Moon (301),0.04998364210702677,0.002445746716665777,5.292970972540044,149.5883928629629,194.878670913314,2444286.922170374,13.15682729109109,137.6844433055099,141.3673260333076,0.002574425899455206,0.002703105082244636,27.36221978407876
1980-02-23 05:51:03,2444292.7437847224,First_month_midpoint_雨水,Pisces,3.770229900000004,335.94451,66.28235,160.2423,351.02598,158.04555,14.5551,176.75708,233.57536,262.13075,206.66948,-10.0216,16.8916,13.06658,-1.5753,10.6164,6.47044,3.99343,-18.94084,-21.88052,7.7786,333.7702299,67.004268,156.5722587,350.8504655,155.4874954,15.6146858,175.1631539,235.553058,262.4172231,201.5263626,0.0014082,-4.6997619,4.3832821,2.1093058,1.3089717,0.231838,2.3753853,0.284662,1.3619846,17.5219537,100.0,52.93753,,32.51711,,70.00742,,,,,265.880117,21.102548,84.388769,280.513766,86.066822,304.204834,100.755258,182.675449,215.772348,117.692524,16.949375,47.986172,-21.957955,27.608721,-19.102064,43.512242,-33.826367,-48.413611,-36.509798,-61.795738,Moon (301),0.05866042012309824,0.002390757087071126,5.29767361654998,149.5421834004453,182.1612994413736,2444286.152346245,13.42728073575346,88.50509487373525,95.22225126299335,0.00253973925900764,0.002688721430944155,26.81108759731304
1980-02-22 03:02:47,2444291.6269328706,First_month_midpoint_雨水,Pisces,2.646216299999992,334.87992,51.35748,160.66014,350.57658,158.18337,13.37888,176.82783,233.56851,262.11034,206.68229,-10.42874,13.6477,12.90494,-2.07446,10.56064,5.89811,3.95956,-18.93941,-21.88019,7.76432,332.6462163,52.1981847,157.0115018,350.24093,155.6339283,14.3149635,175.2413387,235.5463004,262.3981894,201.5441579,0.0008201,-4.903657,4.3865645,1.8267706,1.307161,0.1552987,2.3723539,0.284502,1.3612763,17.5134127,100.0,41.08827,,37.69207,,70.40799,,,,,285.09452,53.369166,105.289656,317.11834,107.485734,10.080443,147.033183,230.282269,243.447015,232.586076,55.663271,34.560064,-61.848532,63.121296,-58.656168,61.143447,-68.235802,-29.492674,-5.669401,-67.087261,Moon (301),0.06014901947822451,0.002388816657315859,5.297681567239287,149.5432258997548,182.6732695636165,2444286.195787817,13.41176816941045,72.84125836440377,79.56082610883823,0.002541697255015538,0.002694577852715218,26.84209833130636
1980-02-15 14:25:49,2444285.101261574,Beginning_of_Spring_立春,Aquarius,26.063556100000028,328.5856,318.27673,162.99383,344.85718,158.97823,6.4782,177.21967,233.50575,261.97777,206.74563,-12.73394,-14.35652,11.95268,-6.235,10.23594,2.50966,3.76938,-18.92567,-21.87725,7.68276,326.0635561,316.047502,159.488474,343.3676513,156.4805593,6.6561671,175.6757856,235.4847116,262.2744877,201.6365819,0.0010705,1.6618759,4.3692245,0.2096983,1.2952112,-0.2676214,2.353343,0.2838824,1.3575088,17.4610406,100.0,0.78576,,66.75371,,72.65899,,,,,143.805868,134.360241,343.503302,164.005371,336.188713,215.075354,9.73052,98.238381,110.010238,51.375699,-47.275271,-39.762872,53.957988,-59.950675,54.308817,-65.78507,63.103548,33.546948,9.02936,44.942673,Moon (301),0.0722359921195776,0.002395175424309903,5.296455943818374,149.5503618450223,196.0198867442923,2444287.088290507,13.10153126680006,333.9668783014423,330.0175382690564,0.002581664522405802,0.002768153620501701,27.47770414533591
1980-02-13 22:09:30,2444283.423263889,Beginning_of_Spring_立春,Aquarius,24.367635800000016,326.9467,292.45216,163.5463,342.72105,159.17727,4.69918,177.3132,233.48289,261.93985,206.75839,-13.3055,-18.44513,11.70992,-7.50863,10.15324,1.63063,3.72291,-18.92064,-21.87626,7.66241,324.3676358,290.9946714,160.0823944,340.9212322,156.6929787,4.6755336,175.7797043,235.4622777,262.2391338,201.6565319,0.0001034,3.3530551,4.3514432,-0.1573139,1.2912035,-0.3709886,2.347774,0.2836139,1.3564968,17.4468278,100.0,8.35142,,72.90733,,73.2181,,,,,83.215262,50.894781,268.622338,83.480979,264.931324,83.734888,265.828594,263.866154,267.126798,280.937928,51.135698,83.497205,-35.316202,34.582492,-38.802629,10.828629,-19.712405,39.957152,66.689832,5.828199,Moon (301),0.07138650672033078,0.002387096415420327,5.294613330432282,149.5605048067406,200.3399187486545,2444287.369896292,13.18618946442938,307.9589573841844,301.1517157036935,0.002570602767131458,0.002754109118842588,27.30129132234327
1980-02-07 10:49:16,2444276.9508796297,Beginning_of_Spring_立春,Aquarius,17.814203599999985,320.53846,207.8048,165.44423,333.00579,159.91565,357.77965,177.64465,233.37135,261.78073,206.79465,-15.40515,-5.97674,10.82952,-12.48261,9.84349,-1.76529,3.55516,-18.8955,-21.87135,7.58697,317.8142036,207.686048,162.1444548,330.1961481,157.4830141,356.9764339,176.1496203,235.3527823,262.0904187,201.7200344,0.001893,5.1073778,4.2541453,-1.2609416,1.2749015,-0.7369651,2.32543,0.2830485,1.3531117,17.3900733,100.0,67.25951,,89.43148,,75.28666,,,,,220.152225,98.19688,63.882716,233.906859,61.381757,258.935905,77.161187,121.843454,145.639871,85.213451,-41.931103,-4.28166,26.698765,-35.575933,31.777455,-20.240869,19.591081,-20.316068,-37.30791,-8.593963,Moon (301),0.06567702483591495,0.002376893269571552,5.291892426075637,149.5906102097316,211.3977195827566,2444288.155258472,13.39376851729957,209.9311434202944,206.4281445797234,0.00254397390704657,0.002711054544521587,26.87817095950397
1980-02-04 03:45:56,2444273.6568981484,Second_january_大寒,Aquarius,14.475138300000026,317.22615,170.09714,166.23175,327.53572,160.26687,354.22598,177.79249,233.29967,261.69184,206.80451,-16.40669,6.44043,10.42637,-14.83457,9.69303,-3.48475,3.4775,-18.87931,-21.8683,7.55069,314.4751383,168.0978976,163.0161731,324.3941935,157.8600915,353.0353726,176.3156556,235.2827095,262.007628,201.7432532,0.0009252,2.001694,4.1816692,-1.6320492,1.2648142,-0.9066354,2.3128394,0.282623,1.351405,17.359988,100.0,91.6545,,94.07492,,76.29562,,,,,270.194691,143.793023,127.101105,277.456009,118.798392,338.452181,168.587395,234.812649,246.100206,242.20079,47.881736,-70.445096,-70.958569,56.918444,-65.875549,69.636965,-70.565692,-24.655771,-0.245848,-61.467896,Moon (301),0.05302356134231736,0.002438022750667742,5.28302223436298,149.5231277052887,209.0289131164434,2444260.832027151,13.15600097871897,168.7240153832371,169.8393541695937,0.002574533696026887,0.002711044641386032,27.3639383717235
1980-02-03 11:58:40,2444272.999074074,Second_january_大寒,Aquarius,13.8093303,316.5616,162.93784,166.37538,326.41965,160.3349,353.51117,177.8205,233.28446,261.67365,206.80592,-16.59935,9.00271,10.35163,-15.27839,9.6639,-3.82628,3.46271,-18.87582,-21.86762,7.54365,313.8093303,160.5619784,163.1758709,323.2294779,157.9332957,352.2448609,176.3472829,235.2678384,261.9906167,201.7473705,0.0016873,1.6207085,4.1675654,-1.6907406,1.2629806,-0.9380609,2.310434,0.282645,1.3511584,17.3539806,100.0,94.65948,,94.77427,,76.49247,,,,,198.230567,54.437439,55.884873,211.850801,51.512476,247.502789,70.479943,115.004902,134.086483,80.118494,-48.813282,40.45108,36.983214,-46.144058,41.930979,-34.936883,31.402257,-9.329926,-29.21589,3.723019,Moon (301),0.05042074167166034,0.002450241864227244,5.279663195563862,149.5134227525684,208.4393238446281,2444260.733390147,13.11158405613702,160.8225458174236,162.6133770065199,0.002580344760837241,0.002710447657447238,27.4566367006966
1980-01-14 12:19:40,2444253.0136574074,First_january_小寒,Capricorn,23.485505199999977,295.64541,249.89821,168.14985,291.32937,161.94088,331.03063,178.358,232.64209,261.03314,206.73417,-21.34812,-16.37459,8.966,-23.77008,8.93864,-13.61093,3.13641,-18.72747,-21.83974,7.36553,293.4855052,250.3607639,165.3288767,289.1659359,159.672827,327.997444,176.9673441,234.6391861,261.3931536,201.7446119,0.0019046,5.7264344,3.5712226,-1.7573159,1.1877996,-1.6411912,2.224547,0.2809627,1.3434637,17.162069,100.0,13.74846,,99.22876,,81.95911,,,,,187.900813,131.509898,67.74445,182.031889,64.17864,232.089005,78.331295,121.841571,145.851871,85.768065,-45.553913,-34.880845,24.552194,-43.491502,29.802205,-35.564472,18.233505,-20.616545,-37.461986,-9.367024,Moon (301),0.06434455999844227,0.00239884564682712,5.188407628291144,150.1264366585957,192.6997017608059,2444259.459962768,13.23860522316832,274.6599081677485,267.2830622700081,0.002563813070785039,0.002728780494742958,27.19319701217311
1980-01-12 15:57:02,2444251.1646064813,First_january_小寒,Capricorn,21.603126799999984,293.65038,226.06415,168.06666,288.08745,162.03668,328.85575,178.37523,232.56677,260.96686,206.71656,-21.66098,-11.60217,8.93416,-24.05159,8.89129,-14.425,3.11959,-18.70986,-21.83643,7.35312,291.6031268,226.6507923,165.2652978,286.1899928,159.7781569,325.7349967,176.9896149,234.5655232,261.3313976,201.7322581,0.0013485,5.5147096,3.5098774,-1.6384995,1.1798041,-1.6785971,2.2159861,0.2808368,1.3429613,17.1440863,100.0,29.03667,,98.88171,,82.41768,,,,,129.686651,91.166706,10.936202,128.215114,359.717304,159.39354,33.441078,100.914315,113.407806,60.583793,-25.125012,28.37978,57.766442,-19.635587,58.331147,-50.574964,59.653632,24.659227,0.75601,37.024202,Moon (301),0.06618905044345585,0.002377899174133295,5.188697159142296,150.2776298068221,198.4346581386849,2444259.82477049,13.37426907852252,244.1766362785953,237.6015292063903,0.002546446018075212,0.00271499286201713,26.91735883930412
1980-01-02 20:58:44,2444241.3741203705,Winter_Solstice_冬至,Capricorn,11.626512699999978,282.95073,107.98194,167.01981,271.22422,162.37814,317.00708,178.37137,232.12863,260.601,206.59347,-22.90769,19.01044,9.02345,-24.21695,8.70614,-18.34747,3.07119,-18.60643,-21.81683,7.30046,281.6265127,106.7252131,164.2751839,270.8295034,160.1594474,313.7086827,177.0040401,234.1366822,260.9904431,201.6328351,0.0001004,-3.3762285,3.1897736,-0.7797682,1.1362828,-1.7946192,2.1700376,0.2802907,1.3408905,17.0498415,100.0,99.71766,,95.88654,,84.71998,,,,,101.660043,278.25814,290.998636,101.077794,288.368859,106.746172,291.582973,43.832355,94.691456,322.739291,39.670295,-34.194324,22.414501,50.487382,18.533269,7.868245,35.159832,84.334301,59.879918,53.370969,Moon (301),0.04311153821694884,0.002476949207186152,5.123271315576586,150.4675663340022,209.5167607867946,2444233.487589748,13.049326364556,102.9139119701461,107.6664006621913,0.002588545380274148,0.002700141553362144,27.58763095831644
1980-01-01 16:42:40,2444240.196296296,Winter_Solstice_冬至,Capricorn,10.426505200000008,281.65228,91.84992,166.83198,269.24386,162.40037,315.5423,178.36034,232.07191,260.55561,206.57545,-23.00847,19.51419,9.06196,-24.09408,8.6916,-18.76874,3.07003,-18.59287,-21.81422,7.29565,280.4265052,91.4719514,164.0888708,269.0224674,160.1851676,312.2567046,176.9942216,234.0810156,260.9480081,201.6171327,0.0010314,-3.9165074,3.153282,-0.6539514,1.1311705,-1.7986752,2.1645998,0.2803065,1.3407579,17.0387213,100.0,99.27833,,95.37472,,84.98308,,,,,123.413289,295.590583,7.536587,118.526184,359.270888,145.130835,32.435792,100.455835,113.005016,60.098373,-14.982047,8.908918,57.911824,-4.620912,58.528207,-40.664914,60.003942,25.616088,1.60281,37.651045,Moon (301),0.03998678632492815,0.002483847145160833,5.111370795344748,150.6291136015936,208.2359613813383,2444233.378761937,13.05871021747704,89.02820559703012,93.60869744000735,0.00258730516390738,0.002690763182653927,27.56780677453094
1979-12-23 04:56:58,2444230.706226852,Winter_Solstice_冬至,Capricorn,0.7530006999999728,271.13429,323.32995,164.85617,253.83939,162.42293,303.44853,178.18506,231.58503,260.18133,206.40476,-23.43727,-13.36241,9.56073,-22.13491,8.63573,-21.70345,3.09734,-18.47598,-21.79183,7.2695,270.7530007,321.0222871,162.0937561,254.7713873,160.2255652,300.5341396,176.8211736,233.603756,260.5990603,201.461524,0.000496,1.0950471,2.8601837,0.4725996,1.0878721,-1.7697374,2.119945,0.2800555,1.339938,16.951469,100.0,18.1223,,89.36091,,87.00669,,,,,255.111548,303.019503,211.302893,251.662884,201.328038,265.113126,229.588253,246.972732,253.908961,260.178884,29.915751,74.066697,-74.976533,14.24692,-75.129152,58.952536,-61.713882,-6.403312,19.732842,-40.156075,Moon (301),0.03651185886665114,0.002465288829346852,5.094845966063104,151.2740600428504,176.6291212619881,2444231.160449383,13.27821254892901,353.9687366791667,353.5082701682314,0.002558712166863765,0.002652135504380678,27.11208294591103
1979-12-17 19:58:24,2444225.3322222224,Second_month_midpoint_大雪,Sagittarius,25.28330219999998,265.17479,246.28329,163.41777,245.74059,162.31476,296.38762,178.02024,231.28933,259.96517,206.28958,-23.36701,-16.2551,9.97949,-20.39014,8.6533,-22.9567,3.14168,-18.40413,-21.77797,7.26488,265.2833022,246.8938604,160.6215919,247.0558603,160.1191854,293.8811443,176.6516703,233.3135937,260.3973665,201.3517445,0.0007827,5.3275293,2.70399,1.1638172,1.063635,-1.7019961,2.0952086,0.2801621,1.3400754,16.9047099,100.0,2.77062,,83.5438,,88.08081,,,,,105.336721,91.22963,311.195956,96.63693,308.835506,114.698978,321.949367,88.661155,102.197226,17.795484,27.991776,43.370397,43.530715,44.88964,43.67747,0.786504,58.096815,57.749214,32.269183,58.630682,Moon (301),0.05267352117412185,0.002446225935400788,5.045052093773658,151.971732711038,180.0829642020629,2444231.404962626,13.09713888340918,280.4644755261573,274.4681022236549,0.002582241698165826,0.002718257460930864,27.48691933442276
1979-12-15 00:02:42,2444222.501875,Second_month_midpoint_大雪,Sagittarius,22.400710100000026,262.03923,209.03355,162.57638,241.7468,162.22304,292.61407,177.91464,231.12833,259.85057,206.22373,-23.23998,-7.26899,10.23375,-19.35345,8.67655,-23.48756,3.17327,-18.36479,-21.77037,7.26544,262.4007101,209.2802873,159.7575197,243.1750585,160.0259769,290.3717789,176.5418377,233.1555699,260.2905242,201.2877591,0.0001215,4.3260123,2.6236121,1.5231649,1.0507612,-1.6532953,2.0822213,0.2801653,1.340236,16.8809173,100.0,20.16208,,79.31001,,88.62538,,,,,96.415547,281.728305,278.522402,282.324769,276.93856,98.907501,277.980782,276.452568,78.194745,296.172101,83.863187,42.869963,-6.497116,76.830763,-6.236063,55.854153,10.272952,66.89045,85.774838,33.331256,Moon (301),0.05931914306455739,0.002405235722990888,5.054781424960136,152.450540452888,188.7459217684885,2444231.948902639,13.29225788967763,234.4276723332162,229.1352063143014,0.002556909397334483,0.002708583071678079,27.08343480753298
1979-12-12 07:59:03,2444219.832673611,Second_month_midpoint_大雪,Sagittarius,19.68334709999999,259.09038,179.27388,161.73777,238.22357,162.11588,289.02525,177.80402,230.97376,259.74236,206.15869,-23.06181,3.07376,10.49324,-18.34464,8.70724,-23.9013,3.20816,-18.32676,-21.76299,7.26787,259.6833471,177.8270157,158.8946182,239.7051142,159.915922,287.0586117,176.4261317,233.0036837,260.1896266,201.2238242,0.001075,2.5310401,2.550992,1.847993,1.0390076,-1.5980881,2.0702578,0.2802546,1.3405449,16.8590867,100.0,43.05972,,74.29293,,89.12578,,,,,239.573844,146.266298,107.804263,231.748841,111.16594,249.981372,142.949911,226.292995,241.023935,224.302128,-10.238713,-67.039266,-58.847319,-28.912768,-58.337484,15.16675,-66.366935,-33.984197,-10.360843,-69.384236,Moon (301),0.0647192695902121,0.002374070418566167,5.069784220782711,152.6192790635405,194.0251257582366,2444232.256032898,13.43830063399725,193.0511630218741,191.499260524119,0.002538350616425062,0.002702630814283957,26.78910152443265
1979-12-11 17:26:17,2444219.226585648,Second_month_midpoint_大雪,Sagittarius,19.071519299999977,258.42756,172.55421,161.53959,237.46782,162.08838,288.21052,177.77735,230.9385,259.71796,206.14359,-23.01415,5.49225,10.55541,-18.11702,8.71552,-23.98295,3.2168,-18.31807,-21.7613,7.26869,259.0715193,170.7120698,158.6906084,238.9550155,159.887689,286.3092794,176.3983174,232.9691345,260.1668995,201.2090437,0.0013507,2.0915561,2.5349786,1.9184493,1.036439,-1.5844013,2.0676506,0.2803482,1.3406552,16.8543128,100.0,48.70473,,72.98613,,89.23954,,,,,117.104992,36.387641,14.946076,104.81582,16.745681,134.135327,46.053912,102.863982,116.533478,66.332677,-4.269929,55.873285,55.637227,11.818346,57.27702,-26.14011,54.496978,17.729386,-5.903739,29.972794,Moon (301),0.06502314043289964,0.002372335949166473,5.070787444111628,152.6240399562433,194.8025584467832,2444232.313924981,13.44648513697668,184.0212861713254,183.5380602558803,0.00253732049610819,0.002702305043049907,26.77279574050402
1979-12-07 09:24:00,2444214.8916666666,First_month_midpoint_小雪,Sagittarius,14.664118400000007,253.6685,121.27825,160.06331,232.61384,161.86265,282.33028,177.57022,230.68134,259.54254,206.03086,-22.59163,17.95797,11.01967,-16.58163,8.78613,-24.44058,3.2856,-18.25446,-21.74896,7.27725,254.6641184,119.3455773,157.1702773,234.090468,159.6537154,280.9261688,176.1803658,232.7163827,260.0032757,201.0966532,0.0011544,-2.3244688,2.4197916,2.3566757,1.0173217,-1.477594,2.0484645,0.2804787,1.3411929,16.8205427,100.0,85.59087,,61.50502,,90.02411,,,,,227.467499,74.37124,95.822446,213.494926,99.567077,241.354153,118.550198,210.111207,232.061284,172.005646,-26.74203,-9.575031,-42.752346,-44.11096,-43.570548,-4.03899,-54.651909,-43.614488,-23.142295,-74.568862,Moon (301),0.05668267488809538,0.002419193455008172,5.038966593185405,152.7303994360521,203.196708337535,2444206.032176048,13.23282550119981,117.2360933891204,122.8208737867012,0.00256455955022472,0.002709925645441268,27.205074227523
1979-12-02 04:36:58,2444209.692337963,First_month_midpoint_小雪,Sagittarius,9.390333700000014,248.01896,49.36791,158.14814,228.81975,161.52282,275.2347,177.2854,230.36605,259.33377,205.88666,-21.90451,13.27705,11.62892,-15.37001,8.89879,-24.68239,3.38444,-18.17589,-21.73374,7.2939,249.3903337,50.2286015,155.1981918,230.2515129,159.2993496,274.4683449,175.8791732,232.4063522,259.8085356,200.9508738,-1.19e-05,-4.7690043,2.2868554,2.6096999,0.9948066,-1.3269889,2.026104,0.2807546,1.3422466,16.7826682,100.0,97.07923,,41.93404,,90.92766,,,,,257.562209,80.685703,251.367629,258.48597,249.639361,259.164781,253.621336,256.285498,260.626866,271.035334,31.875353,-12.36101,-62.180519,12.584706,-57.969292,56.961718,-41.556614,14.929115,42.091571,-17.015024,Moon (301),0.04381102901371529,0.002467210928419704,5.007351427765252,153.6785885382882,212.7614604976648,2444206.656439384,13.1122717893885,39.80752729584857,43.16059089284547,0.002580254534702318,0.002693298140984931,27.45519661141716
1979-11-27 17:10:33,2444205.215659722,First_month_midpoint_小雪,Sagittarius,4.860297099999997,243.21539,347.09362,156.38951,228.4673,161.17382,269.11324,177.0106,230.09005,259.15631,205.75552,-21.15926,-6.00407,12.19251,-15.52973,9.01922,-24.61735,3.48327,-18.10642,-21.72023,7.31371,244.8602971,345.5112522,153.3890707,229.9652448,158.9341986,268.9051706,175.5875999,232.134753,259.6429506,200.8167384,0.0014762,-0.4355251,2.1792898,2.3662851,0.9764325,-1.1779497,2.0077785,0.2812337,1.3435317,16.7524783,100.0,59.36266,,21.27876,,91.67232,,,,,116.507449,231.038409,32.710478,105.470267,41.421978,133.679386,62.560826,108.452072,125.005219,75.20834,-7.22456,-47.607395,49.375327,3.070984,49.326646,-24.82877,41.530443,2.644189,-19.564212,14.826958,Moon (301),0.02901511004466048,0.002468834345283909,5.038771224611264,154.1156421620854,208.8552651415932,2444206.40393712,13.4045595810028,344.0716648176661,343.1263197929687,0.002542608408043778,0.002616382470803648,26.85653324337481
1979-11-24 19:19:04,2444202.3049074076,First_month_midpoint_小雪,Sagittarius,1.9153602000000092,240.12006,307.61704,155.19124,230.14079,160.91898,265.13783,176.81724,229.90856,259.04232,205.66685,-20.6036,-16.02135,12.57474,-16.48508,9.10854,-24.44162,3.55408,-18.06052,-21.71134,7.32927,241.9153602,305.6866365,152.158631,231.7677242,158.6670146,265.2850957,175.3818847,231.9560967,259.5366558,200.7252084,0.0011927,2.8466418,2.1105046,1.8612522,0.9645034,-1.0743852,1.996056,0.2815053,1.3444424,16.7340719,100.0,28.03458,,9.03671,,92.13947,,,,,104.452523,133.691732,344.547473,97.03446,353.260471,116.47853,26.018275,98.678164,111.708816,58.02329,20.545486,-36.995187,53.482728,28.350689,57.915864,0.32228,61.056678,29.022943,4.345607,39.735487,Moon (301),0.0294098116075327,0.002474846625935015,5.031737520695615,154.1519368867397,199.3439704811137,2444205.737018989,13.34759985364129,314.1895479579301,311.7103426608185,0.002549836847242358,0.0026248270685497,26.97114117500236
1979-11-23 23:40:30,2444201.486458333,First_month_midpoint_小雪,Sagittarius,1.0860989999999902,239.25243,296.16164,154.84589,230.87825,160.84321,264.02123,176.76068,229.85722,259.01047,205.64141,-20.43798,-17.8616,12.68399,-16.87323,9.13515,-24.37384,3.5749,-18.04753,-21.70885,7.33403,241.086099,294.5713348,151.8045276,232.5497344,158.5875049,264.2663138,175.3216305,231.9055692,259.5070094,200.6988223,0.0002776,3.3510407,2.0907902,1.6645467,0.9610239,-1.0448784,1.9927142,0.2815347,1.3446808,16.729065,100.0,20.38355,,6.27628,,92.26819,,,,,78.19839,99.120962,288.069583,16.072668,287.507221,100.069531,290.444898,8.522399,93.750857,320.001269,80.306411,27.453605,9.146133,83.896086,15.99815,58.054933,32.545341,85.247373,62.362661,52.143013,Moon (301),0.03106289457300696,0.002477773009959913,5.024916336283812,154.2062786031732,194.8979907328269,2444205.424792231,13.28993546426812,307.6597966606746,304.7746912149702,0.002557207269782493,0.002636641529605074,27.08816765648796
1979-11-19 22:17:20,2444197.428703704,Beginning_of_Winter_立冬,Scorpio,26.9867553,234.99322,238.80643,153.09548,235.73857,160.44541,258.50894,176.46903,229.60222,258.85465,205.51304,-19.55254,-14.99015,13.23899,-19.27929,9.2769,-23.91406,3.68384,-17.98252,-21.69627,7.36001,236.9867553,239.5511765,150.011469,237.6097395,158.169684,259.2169556,175.0104829,231.6541827,259.3615088,200.5649103,0.0006553,5.2453583,1.9989488,0.4257528,0.9450117,-0.8897948,1.9770406,0.2820175,1.34618,16.7055427,100.0,0.26075,,0.04401,,92.89311,,,,,89.425392,82.777673,300.561215,89.180979,301.850683,102.718985,310.743617,83.263333,99.952741,2.410274,61.263129,56.536052,28.263125,60.518364,36.414128,40.547693,52.063607,65.850525,39.803578,59.83936,Moon (301),0.04174710189418993,0.002479988855018571,5.002828260301345,154.9206260563539,179.3355526804631,2444204.329603699,13.0532118342067,269.9210905155494,265.1431168452567,0.002588031677149941,0.002696074499281311,27.57941911710949
1979-11-16 15:21:26,2444194.139884259,Beginning_of_Winter_立冬,Scorpio,23.668752299999994,231.58189,198.63337,151.62547,239.85499,160.09504,254.07291,176.21823,229.39476,258.73086,205.40608,-18.76241,-3.52519,13.70123,-21.25338,9.40308,-23.39669,3.77888,-17.92925,-21.68598,7.38395,233.6687523,198.2437666,148.50958,241.8015945,157.801409,255.1224978,174.7424775,231.4494848,259.245912,200.4524816,0.0018501,4.0400864,1.9273724,-0.6848879,0.9325084,-0.7578236,1.9648228,0.2824749,1.3475335,16.6879832,100.0,9.40121,,5.03644,,93.38146,,,,,129.206605,97.687696,61.063403,137.661398,69.707062,152.528821,82.148731,126.952701,156.685153,89.996686,-29.2615,-9.291351,25.33934,-33.046378,20.446236,-38.795802,8.471311,-28.213435,-42.179796,-19.752068,Moon (301),0.05207234602618845,0.002437950583666185,5.030413400999241,155.5606455376686,182.0385611569523,2444204.43208201,13.17641333171713,224.3857483418352,220.4009093388929,0.002571874101832604,0.002705797619999024,27.32154729340791
1979-11-14 02:21:22,2444191.598171296,Beginning_of_Winter_立冬,Scorpio,21.10578369999999,228.96837,168.05528,150.45287,242.2158,159.80618,250.66981,176.01512,229.23412,258.63701,205.32162,-18.11261,6.23766,14.06435,-22.45444,9.5072,-22.91326,3.85631,-17.88793,-21.67808,7.40419,231.1057837,166.2977262,147.3151253,244.1836568,157.4978577,251.9580355,174.5253668,231.2914858,259.1585568,200.3633921,-1.81e-05,1.0221633,1.8713366,-1.4412767,0.9225874,-0.6548711,1.9554122,0.2830373,1.3486028,16.6754263,100.0,28.83107,,13.25316,,93.74815,,,,,273.515627,275.288759,276.435783,267.618523,275.2727,266.882282,276.167881,274.096855,318.53005,293.150007,60.97262,-3.825048,-22.787884,73.948346,-12.624195,81.759662,4.405763,61.161135,88.642245,28.968796,Moon (301),0.06155274433518479,0.002390972186038381,5.060643634479692,155.7469754635131,185.2720886640182,2444204.51841434,13.3636405152258,187.3385165974893,186.501641306043,0.002547796023277373,0.002704619860516366,26.93876714132169
1979-11-13 20:43:39,2444191.3636458335,Beginning_of_Winter_立冬,Scorpio,20.872488000000004,228.73181,166.10621,150.3445,242.38638,159.77917,250.3589,175.99629,229.21947,258.62851,205.31387,-18.05061,7.19579,14.09861,-22.54562,9.51717,-22.86448,3.86364,-17.8841,-21.67732,7.40614,230.872488,164.1418415,147.2046668,244.3554092,157.4694931,251.667572,174.5052478,231.2769992,259.1505577,200.3552054,0.0009758,1.1546693,1.8671287,-1.5017064,0.9219176,-0.6445045,1.9547001,0.2829822,1.3487641,16.674345,100.0,30.36354,,14.12219,,93.78218,,,,,95.075944,342.972928,324.553461,104.227384,333.728097,106.748642,2.440489,95.024398,108.049366,48.115981,39.587977,58.809625,45.975685,28.324641,54.467863,21.32768,63.328086,39.096483,13.684081,47.602374,Moon (301),0.06227582311505523,0.002387462240438184,5.062744583079713,155.751348084855,185.4721437574457,2444204.521426199,13.3776451005818,183.9798839501549,183.5203699429533,0.002546017580957729,0.002704572921477273,26.91056589506501
1979-11-13 19:05:03,2444191.295173611,Beginning_of_Winter_立冬,Scorpio,20.80383359999999,228.66228,165.68148,150.31325,242.43346,159.77136,250.26768,175.99081,229.21517,258.62601,205.3116,-18.03224,7.44239,14.10852,-22.57132,9.52007,-22.85001,3.86577,-17.88297,-21.6771,7.40671,230.8038336,163.6579745,147.1727975,244.4028663,157.4612543,251.5822902,174.4993618,231.2727063,259.1481871,200.352779,0.0013388,1.2195804,1.8659353,-1.5189583,0.9217231,-0.6414304,1.954486,0.2829789,1.3488023,16.6740148,100.0,30.69811,,14.37762,,93.79191,,,,,102.75717,28.419547,0.194922,111.685312,17.240926,114.812071,46.635816,102.789461,117.214609,67.372205,17.130243,56.180507,53.121338,6.589496,56.363832,0.065556,53.313721,16.584161,-7.381282,28.199886,Moon (301),0.06247782423652874,0.002386486363060487,5.06332286165908,155.7523377765402,185.5285709817769,2444204.522348344,13.38152641642825,183.000211900642,182.652672092467,0.002545525241701138,0.002704564120341789,26.9027604771631
1979-11-09 16:39:25,2444187.194039352,Beginning_of_Winter_立冬,Scorpio,16.6795396,224.50338,116.25893,148.36702,243.77489,159.27459,244.83824,175.64768,228.95661,258.47863,205.17272,-16.90452,18.49158,14.70439,-23.64734,9.70067,-21.90425,3.99826,-17.81589,-21.66427,7.44272,226.6795396,114.5566894,145.1963384,245.8109919,156.9388828,246.476214,174.1318923,231.0172824,259.0106257,200.2050528,0.0015866,-2.7140836,1.7804166,-2.3552922,0.9067341,-0.4691359,1.9401729,0.2834872,1.3507719,16.6557422,100.0,68.92338,,30.33814,,94.36237,,,,,115.865608,9.285059,48.878135,132.99822,61.702446,132.310506,76.236076,118.965333,143.240496,85.081537,-14.962953,48.301183,36.763546,-25.663583,31.62691,-27.566693,20.360007,-18.136224,-36.209667,-7.900691,Moon (301),0.06544838726141938,0.002378902487253888,5.065697412025229,155.7996721028439,190.6273835580523,2444178.059251248,13.38171400760868,122.2391219191338,128.305723970702,0.002545501452063013,0.002712100416872139,26.90238334157405
1979-11-06 11:38:32,2444183.9850925924,Second_october_霜降,Scorpio,13.456625500000001,221.289,72.96437,146.79872,243.00645,158.86155,240.64197,175.36697,228.75503,258.36676,205.06209,-15.96582,17.95467,15.17534,-23.89013,9.85124,-21.04196,4.10755,-17.7633,-21.65428,7.47345,223.4566255,73.4863379,143.6097453,245.1615783,156.5044459,242.4793244,173.8308325,230.8180672,258.9061689,200.0865027,0.0011115,-4.5320407,1.7148561,-2.7196751,0.8952263,-0.3327639,1.9293463,0.2839639,1.3523973,16.6430387,100.0,93.18729,,41.94169,,94.79127,,,,,195.015998,48.529978,84.539874,215.461465,95.238184,215.301154,112.538692,204.281981,229.29667,157.211955,-50.24575,32.548764,-28.936928,-34.263494,-38.31702,-37.850819,-50.62657,-46.209787,-26.3074,-73.741392,Moon (301),0.06207544569892995,0.00241466802316267,5.049027909165522,156.1878888314452,200.4657693428322,2444178.695664614,13.15641243796651,69.58989603131171,76.42554897129278,0.002574480017704676,0.002734292012246682,27.36308258025717
1979-11-02 15:53:04,2444180.1618518517,Second_october_霜降,Scorpio,9.629219799999987,217.51177,17.42235,144.88017,240.56168,158.3432,235.7121,175.01974,228.5167,258.23806,204.92862,-14.78898,4.51771,15.74053,-23.63882,10.04081,-19.88359,4.24389,-17.7007,-21.64244,7.51289,219.6292198,17.5101491,141.6765732,242.9140601,155.9595711,237.7203855,173.4583377,230.5825271,258.7860166,199.9428387,0.001629,-2.6641652,1.6396119,-2.8941597,0.8822013,-0.1687937,1.9171813,0.2847116,1.3545765,16.6298978,100.0,96.28599,,53.49059,,95.28396,,,,,120.248382,280.549504,58.678349,145.19038,71.126728,138.030156,83.577788,130.343919,163.094169,91.980179,-25.489905,13.136675,24.896645,-34.959193,16.569406,-35.150632,4.012154,-31.961578,-43.929442,-24.772658,Moon (301),0.05640203506279622,0.002432533468311598,5.069390448755545,156.8176538991404,208.1041673017081,2444179.234091678,13.12997879083044,12.18147141478056,13.64571617841937,0.002577934203655773,0.002723334938999948,27.41817071718444
1979-11-02 01:32:20,2444179.5641203704,Second_october_霜降,Scorpio,9.02915329999999,216.92271,10.63546,144.57268,240.06387,158.2589,234.94688,174.96381,228.47952,258.2184,204.90749,-14.60038,1.6689,15.8287,-23.5563,10.07136,-19.6911,4.26578,-17.69099,-21.64066,7.51934,219.0291533,10.1510156,141.3678649,242.4501217,155.871068,236.9756064,173.3983949,230.5459439,258.7678342,199.9201209,1.91e-05,-2.6753201,1.6268819,-2.9032356,0.8799254,-0.1442291,1.9151859,0.2847628,1.3548929,16.6280514,100.0,93.76181,,55.06484,,95.35872,,,,,291.734774,109.421515,284.427726,101.95288,284.44145,350.744531,286.673644,306.393258,91.493796,311.887373,70.651106,-41.683792,-6.858507,85.707162,7.660325,86.910323,25.082846,81.716805,68.936642,47.446244,Moon (301),0.05455064211891621,0.002432868348073216,5.076182179224978,156.8763469687914,208.8710984397892,2444179.289611872,13.16592152420945,3.61415734556152,4.036883363726522,0.002573240256385278,0.002713612164697339,27.34331959506467
1979-10-28 03:16:57,2444174.6367708333,Second_october_霜降,Scorpio,4.104456800000008,212.1316,301.26664,142.01379,235.16084,157.5455,228.71496,174.49424,228.17625,258.06116,204.73291,-12.98671,-17.09299,16.55658,-22.4721,10.3324,-17.97986,4.45181,-17.6107,-21.62566,7.57505,214.1044568,299.5075776,138.8053778,237.8043655,155.1215841,230.8381746,172.8940849,230.2459856,258.6211046,199.7306376,4.73e-05,3.1735093,1.532735,-2.8066135,0.8637443,0.0650216,1.9003995,0.2857467,1.3578843,16.6145658,100.0,46.12303,,65.97275,,95.95621,,,,,275.145188,90.801695,277.186799,266.577057,276.263407,275.11904,277.230224,275.60674,48.062228,294.658835,46.5682,47.945598,-28.713584,70.050568,-12.410037,63.302034,5.361257,62.710082,88.4009,30.761482,Moon (301),0.04213213741675271,0.002434155458087714,5.10822869568644,156.9435824893751,213.9869296208592,2444179.658331219,13.41552598071492,292.6331261736706,288.0896270697456,0.002541222597784111,0.002648289737480508,26.83457961450836
1979-10-27 21:43:25,2444174.405150463,Second_october_霜降,Scorpio,3.8761102999999935,211.91138,298.05988,141.89202,234.90558,157.51119,228.42699,174.47189,228.16227,258.05407,204.72476,-12.90876,-17.15094,16.59124,-22.40525,10.34513,-17.89438,4.46081,-17.60693,-21.62494,7.57779,213.8761103,296.4858603,138.6837169,237.5590536,155.0855694,230.5513178,172.8700911,230.2321039,258.6144054,199.7217547,0.0010688,3.7211764,1.5291044,-2.795347,0.8632034,0.0753944,1.899856,0.2858702,1.3580846,16.6140514,100.0,43.70801,,66.40712,,95.98399,,,,,81.75471,121.686502,319.431794,102.583607,333.554877,95.348231,2.925626,94.909919,108.37912,49.171535,51.902839,-22.978535,40.165421,33.407965,53.511873,38.197911,62.720413,38.364692,12.615031,46.659176,Moon (301),0.04192357612752195,0.00243513045312264,5.107894676369201,156.94669041455,213.6100992279969,2444179.634280632,13.41184883017367,289.8676966613459,285.2726252639903,0.002541687064253197,0.002648243675383754,26.84193689911567
1979-10-27 14:35:57,2444174.108298611,Second_october_霜降,Scorpio,3.5793127000000027,211.62527,292.35257,141.7372,234.57028,157.46722,228.05515,174.4431,228.14412,258.04483,204.71419,-12.80775,-17.5472,16.63471,-22.31701,10.36134,-17.78375,4.47233,-17.60207,-21.62402,7.58129,213.5793127,291.0364665,138.5290859,237.236473,155.0392756,230.1805521,172.8390257,230.2140025,258.6056846,199.7101006,0.0017416,4.2555798,1.5239324,-2.78082,0.862325,0.0882483,1.8990135,0.2859232,1.3582513,16.6133008,100.0,39.29422,,66.95057,,96.01843,,,,,133.002731,232.336989,68.997744,165.291326,80.884015,155.024583,92.90515,155.029502,195.688539,104.07284,-41.1696,-29.380626,6.11901,-43.71932,-5.374425,-45.976427,-18.801432,-46.176883,-44.202653,-47.653452,Moon (301),0.04168734981345532,0.002436616968531007,5.107286326756422,156.9531262322176,212.9796488792337,2444179.593611116,13.40453345012513,286.4719450436482,281.8274242961631,0.002542611712426729,0.002648606456322451,26.85658559766132
1979-10-23 09:51:07,2444169.910497685,First_october_寒露,Libra,29.391763999999995,207.60669,234.487,139.48254,229.56961,156.82204,222.85353,174.02538,227.89044,257.91923,204.56402,-11.36069,-14.03889,17.24959,-20.87569,10.59706,-16.15805,4.63907,-17.53439,-21.61158,7.63276,209.391764,235.2443631,136.2865049,232.3704776,154.3619615,224.9495597,172.389898,229.9628256,258.4884268,199.5456886,0.0007946,5.2552775,1.4457016,-2.5213038,0.8490278,0.2614177,1.8872101,0.2867889,1.3609651,16.6049229,100.0,5.22113,,73.66927,,96.49482,,,,,230.738051,246.008268,94.624467,237.31347,129.958294,237.572321,190.905071,239.330869,248.995367,250.808326,-40.37142,-17.559411,-60.294542,-17.968288,-72.185428,-25.888121,-71.780799,-21.14101,5.779733,-54.132874,Moon (301),0.04076519411839413,0.00247298725878627,5.099708322014998,157.3872574563775,192.4318663347461,2444178.217233787,13.12883960428085,250.9421940865033,246.6033344806283,0.002578083326025078,0.002683179393263886,27.42054978587878
1979-10-22 05:58:49,2444168.7491782405,First_october_寒露,Libra,28.234915599999994,206.50375,219.86077,138.84699,228.11491,156.63814,221.4302,173.90735,227.82114,257.88584,204.52237,-10.95148,-10.6661,17.41855,-20.41303,10.66411,-15.68668,4.68632,-17.51584,-21.60821,7.64755,208.2349156,220.5257684,135.6568101,230.9342255,154.169099,223.5027251,172.2630368,229.8942722,258.4573306,199.499984,0.0001128,4.6323799,1.4241816,-2.4315197,0.8454007,0.3081117,1.8840666,0.2870441,1.3617551,16.6031,100.0,1.31343,,75.24902,,96.62197,,,,,261.853062,266.963665,263.659599,259.298067,262.299525,262.379519,263.537722,262.466741,265.473059,278.355384,8.798641,20.960419,-63.77198,31.496917,-45.2702,24.061194,-27.178843,30.45222,58.958695,-0.123622,Moon (301),0.04166770938474825,0.002478342200079652,5.105350456865432,157.5766548903989,186.879655693702,2444177.825807778,13.06784704061765,241.3879935642829,237.3018638323465,0.002586099022593249,0.002693855845106847,27.54853181867246
1979-10-20 01:41:10,2444166.5702546295,First_october_寒露,Libra,26.069115600000003,204.44758,194.39655,137.64441,225.32775,156.28795,218.77884,173.68368,227.69234,257.82482,204.44428,-10.17354,-2.67078,17.73406,-19.47539,10.79194,-14.77817,4.77622,-17.4812,-21.60192,7.67593,206.0691156,193.9974453,134.4679918,228.1555283,153.8019807,220.78938,172.0225742,229.7667366,258.4003859,199.4140438,0.0003078,3.2134042,1.3851746,-2.244493,0.8389567,0.3952224,1.8784626,0.2876075,1.36331,16.6002154,100.0,1.18778,,77.94922,,96.85534,,,,,299.528325,299.874039,287.516438,7.490521,288.890002,323.166583,292.378765,27.210297,94.350053,324.439317,66.765229,54.280511,-4.32059,86.691849,14.969413,80.155762,32.937208,84.099326,59.527745,53.584117,Moon (301),0.04583758889816506,0.002469123604948977,5.127611403596046,157.8797212013546,180.9349690553777,2444177.349796311,13.05542385433944,219.2685143884909,216.0869163608818,0.002587739336846979,0.002706355068744982,27.57474625232799
1979-10-18 03:35:27,2444164.6496180557,First_october_寒露,Libra,24.1600282,202.64341,172.12187,136.57235,222.81661,155.97328,216.45852,173.48381,227.57994,257.77268,204.37539,-9.4776,4.74525,18.00918,-18.57858,10.90657,-13.95307,4.85671,-17.45089,-21.59647,7.70158,204.1600282,170.604295,133.4113554,225.6224843,153.4722127,218.3960655,171.8075691,229.6553825,258.3517714,199.3379285,1.31e-05,1.2353868,1.3508668,-2.0641024,0.8332761,0.4700157,1.8735993,0.2880546,1.3646592,16.5982016,100.0,8.3816,,80.08023,,97.05444,,,,,277.652256,278.639733,278.698129,273.502622,278.131902,278.687608,279.297327,278.89663,80.323166,297.937987,41.408741,7.844369,-29.338882,62.825096,-9.282115,55.636271,9.040618,66.896374,84.142759,34.712886,Moon (301),0.05245169294473963,0.00243993508398742,5.153369396528803,158.0179784359292,179.1367016276685,2444177.099152996,13.15244213978171,196.2582120407553,194.675526126928,0.002574998093311062,0.002710061102634703,27.3713426125724
1979-10-17 23:29:26,2444164.4787731483,First_october_寒露,Libra,23.9925054,202.4857,170.73272,136.47655,222.59337,155.94519,216.25443,173.46607,227.57013,257.7682,204.36934,-9.4154,5.44109,18.034,-18.49577,10.91693,-13.87867,4.86394,-17.4482,-21.59597,7.70389,203.9925054,169.0582044,133.3170202,225.3957095,153.4428152,218.184566,171.7885174,229.6456362,258.3475302,199.3312488,0.0007315,1.3306957,1.3483372,-2.0467981,0.832925,0.4770451,1.8732714,0.2881541,1.3648242,16.598079,100.0,9.06248,,80.26114,,97.07228,,,,,44.192728,324.192317,303.518962,88.177993,311.845296,75.019878,327.932601,88.463242,103.335469,26.655197,71.967179,56.14327,23.772039,59.127192,42.684777,63.457128,58.045502,54.281295,27.700698,56.361662,Moon (301),0.05313634777335937,0.002436693966092088,5.155612692167598,158.0236500525845,179.0347582424666,2444177.078136016,13.16441164062568,194.1368007947265,192.739967279254,0.00257343701002987,0.002710180053967651,27.34645571922346
1979-10-17 05:43:03,2444163.7382291667,First_october_寒露,Libra,23.25472719999999,201.79051,161.86304,136.05992,221.61092,155.82212,215.36315,173.38816,227.52703,257.74851,204.34271,-9.14426,7.96708,18.13875,-18.13117,10.96159,-13.55404,4.89529,-17.43659,-21.59391,7.71395,203.2547272,159.957254,132.9073263,224.3962951,153.3138407,217.2602049,171.7046369,229.6029231,258.3292174,199.3017213,-6.36e-05,0.2593158,1.3347523,-1.9739594,0.8306198,0.5049279,1.8713407,0.2882641,1.3653013,16.5974233,100.0,13.67246,,81.02098,,97.14685,,,,,265.095019,265.634528,268.16699,262.613033,266.433979,265.577628,267.244314,265.296303,267.975205,281.870338,11.958395,-31.336607,-58.349675,33.065673,-37.971791,25.965408,-19.570451,38.307444,67.010513,7.752677,Moon (301),0.05617394867776308,0.00242213580752749,5.164841556696925,158.0370886747833,178.616597006773,2444176.985864009,13.21940698021205,184.8741234970906,184.3630408082226,0.002566294715148242,0.002710453622768993,27.23268907136902
1979-10-12 10:25:22,2444158.9342824076,First_october_寒露,Libra,18.49532959999999,197.332,105.10627,133.31459,215.14699,155.00589,209.65096,172.876,227.25354,257.6278,204.17115,-7.36014,18.75646,18.81132,-15.56051,11.25811,-11.38034,5.10267,-17.36227,-21.58074,7.78123,198.4953296,104.0368252,130.2183583,217.7141821,152.4593649,211.2766242,171.1533319,229.3315776,258.2164186,199.1107441,0.0004584,-3.9371046,1.2518529,-1.4607463,0.8172617,0.6821864,1.8601969,0.2895307,1.3688812,16.5954561,100.0,54.01054,,85.37846,,97.61304,,,,,226.804539,81.056512,89.97623,234.51629,129.353552,234.315933,194.680223,240.390942,249.708036,252.475116,-48.784928,-31.113954,-57.061001,-30.42555,-72.951638,-37.207875,-72.008776,-19.943361,7.464991,-52.571151,Moon (301),0.06899158345417944,0.002364157712459797,5.189882324115832,157.9687312029973,178.2114339698926,2444149.940268079,13.43035557626644,120.7928104922659,127.2826992512718,0.002539351600312244,0.00271454548816469,26.80494927745449
1979-09-29 18:37:13,2444146.2758449074,Autumn_Equinox_秋分,Libra,6.022833899999995,185.79676,284.49321,125.74662,197.39361,152.71405,194.97699,171.47233,226.5817,257.36545,203.72849,-2.5059,-17.83853,20.46056,-7.35128,12.08218,-5.23007,5.67559,-17.17718,-21.54939,7.97283,186.0228339,283.5496571,122.9039435,198.5483653,150.0675561,195.5180055,169.6417858,228.6642325,257.9712826,198.6114274,0.0018253,4.9104304,1.0432579,0.031901,0.785438,1.0745634,1.8357403,0.2933719,1.379145,16.6067145,100.0,56.64947,,93.8281,,98.65846,,,,,91.030559,188.169044,33.2431,100.003741,62.151358,97.093955,77.663353,123.292012,153.072585,88.1036,3.740575,-49.093572,39.475701,-5.008041,26.788666,-3.647568,13.613537,-25.218502,-41.078434,-16.786369,Moon (301),0.05788248325915924,0.002394611390854307,5.238677204135453,158.431062403194,205.2246548016549,2444151.751640896,13.41148349806965,286.561452456436,280.0838707485333,0.002541733221496848,0.002688855052139388,26.84266808006853
1979-09-23 23:03:25,2444140.4607060184,Autumn_Equinox_秋分,Libra,0.3180255000000045,180.55897,208.8935,122.11521,188.78209,151.60126,188.34872,170.8077,226.30071,257.27363,203.5326,-0.24127,-7.00798,21.13888,-3.03578,12.4766,-2.28707,5.94856,-17.09869,-21.53694,8.06642,180.3180255,209.0539489,119.4425067,188.9718284,148.9104675,188.2791669,168.9258733,228.3847595,257.8855078,198.3871167,0.0012777,4.5226742,0.9508048,0.6915085,0.7721609,1.2095239,1.8267227,0.2952721,1.3841171,16.6196813,100.0,6.32742,,96.80299,,99.04357,,,,,44.872559,79.521146,317.395239,59.226049,346.541748,57.713966,22.072314,98.022415,112.685141,59.362669,59.64637,40.143382,32.839649,55.564771,53.871418,55.443691,59.269285,27.590134,1.624989,37.132854,Moon (301),0.04879818872907314,0.002451619235579313,5.244886403785461,158.6496637363171,190.5589385786748,2444150.859712359,13.13412787232499,223.4181209774311,219.7405708264814,0.002577391260750058,0.002703163285920804,27.40950929513626
1979-09-12 05:17:51,2444128.7207291666,Second_month_midpoint_白露,Virgo,18.855673499999995,170.02358,65.63693,114.50994,169.83854,149.26265,175.00986,169.44606,225.79681,257.14674,203.15924,4.29555,16.30624,22.31222,6.18663,13.29167,3.66376,6.51044,-16.95602,-21.51615,8.26227,168.8556735,66.2910599,112.2823242,167.9451788,146.4886349,173.6764325,167.4592152,227.8829872,257.7670505,197.952823,-0.0001319,-5.1757701,0.7705701,1.667634,0.7480444,1.3808606,1.8128923,0.2993548,1.3944232,16.6601625,100.0,60.9568,,99.7939,,99.62623,,,,,281.448956,210.521545,280.409347,283.136992,281.491044,283.081735,283.266608,288.296156,88.191849,305.059501,15.036181,-82.604983,-41.532421,14.066283,-7.342687,19.80243,13.57516,73.936515,75.687533,41.139708,Moon (301),0.06932941321836936,0.002366193989215197,5.290068436045631,158.6968756213869,167.7893055346347,2444121.839559401,13.40572265554132,92.24705342573489,100.1336596600618,0.002542461342200333,0.002718728695185471,26.8542031824888
1979-08-26 14:31:22,2444112.1051157406,First_month_midpoint_處暑,Virgo,2.7640977000000078,154.99829,195.1726,103.19599,139.8042,145.79837,155.78494,167.51915,225.25026,257.10405,202.69912,10.38572,-2.73183,23.41934,16.47389,14.46051,11.56019,7.31031,-16.79739,-21.49767,8.54508,152.7640977,194.7374913,101.8029001,136.8100145,142.9272302,153.0592674,165.3844908,227.3373494,257.7269044,197.4012018,0.0009201,3.455987,0.5296649,0.799953,0.720334,1.3752419,1.8033839,0.3058912,1.4092679,16.7476466,100.0,12.95801,,71.38161,,99.9703,,,,,109.182736,205.318287,71.143012,90.266116,95.986605,107.758852,131.864245,229.521128,243.7098,235.458999,-59.978461,-62.345256,-16.9874,-48.316898,-53.25568,-61.197943,-68.198205,-33.423685,-6.01986,-67.005136,Moon (301),0.05691113971486578,0.002419908246047791,5.29727199140117,158.7297587255389,187.0003970375591,2444123.218148903,13.22215795292145,213.0617201905314,209.706444152714,0.002565938744431945,0.002711969242816099,27.22702309878681
1979-08-26 11:47:25,2444111.991261574,First_month_midpoint_處暑,Virgo,2.652758299999988,154.89249,193.39181,103.11601,139.61241,145.77391,155.64945,167.50593,225.24721,257.10432,202.69626,10.42528,-2.3188,23.42408,16.51062,14.46848,11.61034,7.31575,-16.79652,-21.49761,8.54701,152.6527583,192.9338567,101.7293235,136.623603,142.9022191,152.9173311,165.3702894,227.3343618,257.7272122,197.3977351,0.000328,3.1499844,0.5277434,0.7791603,0.7200769,1.3738345,1.8033084,0.3059133,1.4093562,16.7483679,100.0,11.97248,,70.96173,,99.97059,,,,,226.011105,250.176906,80.81428,154.37042,200.697793,230.743258,241.411974,251.770403,257.408802,266.584635,-73.116663,-34.622687,-53.724103,-83.291262,-81.361106,-73.43866,-61.621358,-0.156646,29.773491,-30.85354,Moon (301),0.0565759472348279,0.002421804292264159,5.297122108658246,158.7285783428749,186.690320835079,2444123.200898285,13.21367489787182,211.8795047736478,208.6516079056655,0.002567036832658506,0.002712269373052854,27.24450259162811
1979-08-25 08:44:04,2444110.863935185,First_month_midpoint_處暑,Virgo,1.5634879000000126,153.85781,180.45305,102.32616,137.76761,145.53365,154.31358,167.37659,225.21798,257.10736,202.66854,10.81565,1.9372,23.47162,16.84223,14.54757,12.10348,7.36955,-16.78789,-21.49687,8.56608,151.5634879,179.3538456,101.0032357,134.837963,142.6565351,151.519721,165.2311774,227.3052433,257.7301079,197.363799,-2.53e-05,1.9578039,0.5116492,0.5675423,0.7183942,1.362399,1.8030706,0.3063813,1.4103601,16.7555235,100.0,5.82419,,66.68333,,99.97201,,,,,268.300255,269.889375,278.969663,269.547568,269.440445,269.933335,270.012961,267.657047,270.442355,284.851377,-33.412343,-5.597795,-83.859869,-50.121967,-42.302785,-33.426216,-19.713151,42.327322,72.738922,12.049321,Moon (301),0.05339932569304842,0.00243969527551314,5.295156867671966,158.7171414091282,183.4982726819972,2444123.014405149,13.13465300938114,200.407793126393,198.4003651504401,0.002577322562440968,0.002714949849368796,27.40841343451386
