DateTime,Open,High,Low,Close,HL
2006-01-03 02:00:00,14843,14871,14830,14866,Day Low
2006-01-03 07:59:00,14942,14950,14936,14941,Day High
2006-01-04 02:00:00,15075,15123,15075,15119,Day Low
2006-01-04 07:26:00,15202,15210,15198,15210,Day High
2006-01-05 02:00:00,15237,15383,15237,15359,Day High
2006-01-05 02:00:00,15237,15383,15237,15359,Day Low
2006-01-06 02:29:00,15261,15267,15251,15253,Day Low
2006-01-06 07:59:00,15328,15348,15318,15341,Day High
2006-01-09 02:00:00,15430,15529,15430,15529,Day Low
2006-01-09 06:41:00,15599,15610,15595,15608,Day High
2006-01-10 02:00:00,15661,15673,15610,15610,Day High
2006-01-10 02:29:00,15501,15516,15498,15514,Day Low
2006-01-11 02:00:00,15576,15576,15576,15576,Day Low
2006-01-11 06:58:00,15734,15735,15729,15730,Day High
2006-01-12 02:09:00,15785,15792,15783,15787,Day High
2006-01-12 07:42:00,15651,15658,15651,15655,Day Low
2006-01-13 02:15:00,15675,15678,15671,15671,Day Low
2006-01-13 02:16:00,15673,15677,15671,15671,Day Low
2006-01-13 07:59:00,15786,15798,15778,15794,Day High
2006-01-16 03:20:00,15817,15818,15813,15814,Day High
2006-01-16 06:36:00,15747,15750,15744,15747,Day Low
2006-01-18 02:00:00,15546,15546,15409,15412,Day Low
2006-01-18 02:00:00,15546,15546,15409,15412,Day High
2006-01-18 02:01:00,15415,15419,15409,15418,Day Low
2006-01-19 02:00:00,15460,15568,15460,15568,Day Low
2006-01-19 07:56:00,15677,15680,15667,15671,Day High
2006-01-20 02:14:00,15785,15790,15782,15788,Day High
2006-01-20 04:24:00,15567,15570,15567,15569,Day Low
2006-01-23 02:00:00,15617,15617,15459,15459,Day High
2006-01-23 06:40:00,15422,15422,15410,15415,Day Low
2006-01-24 02:03:00,15543,15555,15543,15548,Day High
2006-01-24 03:06:00,15465,15465,15463,15463,Day Low
2006-01-25 03:05:00,15573,15573,15563,15563,Day High
2006-01-25 06:48:00,15493,15493,15485,15485,Day Low
2006-01-26 02:04:00,15553,15567,15548,15562,Day High
2006-01-26 03:33:00,15467,15474,15467,15474,Day Low
2006-01-27 02:00:00,15569,15673,15569,15667,Day Low
2006-01-27 07:40:00,15767,15773,15762,15762,Day High
2006-02-01 02:01:00,15805,15810,15790,15799,Day High
2006-02-01 06:30:00,15689,15693,15652,15663,Day Low
2006-02-02 02:00:00,15780,15782,15765,15768,Day High
2006-02-02 02:27:00,15671,15674,15666,15670,Day Low
2006-02-03 02:00:00,15608,15608,15418,15424,Day High
2006-02-03 02:01:00,15423,15435,15414,15433,Day Low
2006-02-06 02:01:00,15399,15416,15399,15416,Day Low
2006-02-06 07:58:00,15585,15601,15581,15583,Day High
2006-02-07 02:45:00,15561,15561,15550,15550,Day High
2006-02-07 04:28:00,15477,15480,15465,15472,Day Low
2006-02-08 02:00:00,15477,15477,15419,15440,Day High
2006-02-08 06:32:00,15333,15338,15324,15328,Day Low
2006-02-09 02:13:00,15462,15468,15462,15464,Day High
2006-02-09 03:29:00,15371,15376,15371,15376,Day Low
2006-02-10 02:22:00,15359,15365,15355,15365,Day Low
2006-02-10 07:01:00,15443,15443,15436,15436,Day High
2006-02-13 03:13:00,15351,15360,15349,15356,Day High
2006-02-13 06:35:00,15283,15283,15268,15268,Day Low
2006-02-14 02:05:00,10732,10734,10721,10726,Day Low
2006-02-14 07:56:00,15440,15447,15431,15447,Day High
2006-02-15 02:17:00,15507,15517,15504,15517,Day High
2006-02-15 06:30:00,15370,15376,15312,15317,Day Low
2006-02-16 02:28:00,15490,15495,15487,15493,Day High
2006-02-16 02:54:00,15446,15446,15436,15442,Day Low
2006-02-16 07:59:00,15451,15456,15436,15436,Day Low
2006-02-17 02:00:00,15502,15525,15500,15500,Day High
2006-02-17 06:31:00,15438,15454,15438,15454,Day Low
2006-02-20 02:00:00,15488,15546,15479,15546,Day Low
2006-02-20 03:32:00,15622,15630,15616,15616,Day High
2006-02-21 04:29:00,15576,15578,15568,15576,Day Low
2006-02-21 07:42:00,15655,15663,15654,15657,Day High
2006-02-22 02:18:00,15643,15645,15638,15638,Day High
2006-02-22 03:43:00,15588,15588,15585,15585,Day Low
2006-02-22 03:44:00,15587,15598,15585,15594,Day Low
2006-02-23 02:32:00,15612,15616,15610,15616,Day Low
2006-02-23 07:13:00,15849,15852,15839,15846,Day High
2006-02-24 03:33:00,15778,15786,15778,15781,Day Low
2006-02-24 07:20:00,15867,15875,15867,15875,Day High
2006-02-27 02:00:00,15889,15947,15889,15944,Day Low
2006-02-27 02:12:00,15902,15908,15889,15896,Day Low
2006-02-27 07:00:00,15992,16003,15984,15988,Day High
2006-02-28 02:00:00,15979,15979,15912,15919,Day High
2006-02-28 02:33:00,15831,15833,15824,15829,Day Low
2006-03-01 02:01:00,15782,15788,15769,15775,Day Low
2006-03-01 07:17:00,15884,15889,15883,15883,Day High
2006-03-02 03:57:00,15903,15925,15903,15925,Day High
2006-03-02 07:37:00,15848,15848,15836,15836,Day Low
2006-03-03 02:00:00,15900,15908,15875,15875,Day High
2006-03-03 07:59:00,15819,15825,15784,15801,Day Low
2006-03-06 02:17:00,15071,15081,15071,15081,Day High
2006-03-06 02:56:00,15030,15030,15021,15021,Day Low
2006-03-06 02:57:00,15024,15024,15021,15022,Day Low
2006-03-07 02:00:00,15872,15872,15817,15817,Day High
2006-03-07 07:44:00,15579,15579,15560,15574,Day Low
2006-03-08 02:00:00,15603,15603,15535,15535,Day High
2006-03-08 03:55:00,15366,15367,15341,15354,Day Low
2006-03-09 04:24:00,15466,15466,15459,15460,Day Low
2006-03-09 06:42:00,15552,15555,15552,15555,Day High
2006-03-09 06:43:00,15553,15555,15548,15549,Day High
2006-03-10 02:08:00,15512,15521,15508,15521,Day High
2006-03-10 02:44:00,15405,15408,15397,15397,Day Low
2006-03-13 04:15:00,15468,15478,15468,15478,Day Low
2006-03-13 07:59:00,15538,15552,15527,15542,Day High
2006-03-14 02:00:00,15555,15573,15525,15530,Day High
2006-03-14 03:30:00,15468,15470,15462,15466,Day Low
2006-03-15 02:00:00,15604,15651,15598,15651,Day Low
2006-03-15 07:44:00,15751,15763,15750,15756,Day High
2006-03-15 07:45:00,15758,15763,15757,15761,Day High
2006-03-16 02:54:00,15770,15774,15767,15768,Day High
2006-03-16 02:55:00,15770,15774,15769,15769,Day High
2006-03-16 04:13:00,15675,15679,15665,15677,Day Low
2006-03-17 02:21:00,15736,15736,15714,15717,Day Low
2006-03-17 07:05:00,15847,15847,15839,15845,Day High
2006-03-17 07:48:00,15843,15847,15837,15841,Day High
2006-03-20 02:00:00,15830,15873,15830,15869,Day Low
2006-03-20 04:25:00,15963,15973,15963,15965,Day High
2006-03-21 02:21:00,15872,15875,15871,15873,Day Low
2006-03-21 02:22:00,15874,15876,15871,15874,Day Low
2006-03-21 07:42:00,15928,15937,15928,15932,Day High
2006-03-22 04:28:00,15838,15840,15838,15840,Day High
2006-03-22 04:29:00,15839,15840,15831,15838,Day High
2006-03-22 07:55:00,15631,15633,15612,15622,Day Low
2006-03-23 02:00:00,15652,15693,15651,15666,Day Low
2006-03-23 07:59:00,15770,15777,15764,15770,Day High
2006-03-24 02:01:00,15782,15795,15780,15784,Day High
2006-03-24 02:02:00,15790,15795,15773,15784,Day High
2006-03-24 04:01:00,15673,15677,15671,15672,Day Low
2006-03-24 04:04:00,15674,15679,15671,15679,Day Low
2006-03-27 02:31:00,15694,15701,15694,15694,Day Low
2006-03-27 07:30:00,15847,15852,15839,15841,Day High
2006-03-28 02:00:00,15784,15821,15774,15819,Day Low
2006-03-28 06:54:00,15904,15923,15901,15921,Day High
2006-03-29 02:37:00,15842,15843,15836,15840,Day High
2006-03-29 02:38:00,15843,15843,15822,15826,Day High
2006-03-29 07:42:00,15727,15754,15727,15754,Day Low
2006-03-29 07:44:00,15727,15763,15727,15760,Day Low
2006-03-30 02:00:00,15766,15831,15766,15831,Day Low
2006-03-30 06:45:00,15945,15955,15932,15951,Day High
2006-03-31 02:04:00,15957,15965,15951,15951,Day High
2006-03-31 07:37:00,15761,15765,15737,15739,Day Low
2006-04-03 02:00:00,15806,15900,15806,15887,Day Low
2006-04-03 07:58:00,16068,16080,16067,16080,Day High
2006-04-04 04:14:00,16044,16045,16035,16035,Day Low
2006-04-04 04:15:00,16035,16037,16035,16037,Day Low
2006-04-04 07:52:00,16122,16135,16104,16119,Day High
2006-04-06 02:10:00,16203,16203,16189,16189,Day Low
2006-04-06 07:59:00,16398,16427,16397,16420,Day High
2006-04-07 02:15:00,16334,16342,16322,16335,Day Low
2006-04-07 07:33:00,16528,16539,16521,16538,Day High
2006-04-10 02:39:00,16382,16382,16375,16375,Day Low
2006-04-10 07:59:00,16517,16532,16512,16520,Day High
2006-04-11 02:00:00,16515,16515,16474,16474,Day High
2006-04-11 03:06:00,16383,16387,16382,16382,Day Low
2006-04-12 02:00:00,16442,16442,16390,16390,Day High
2006-04-12 07:22:00,16271,16271,16261,16262,Day Low
2006-04-13 02:00:00,16309,16360,16309,16352,Day Low
2006-04-13 03:22:00,16317,16319,16309,16309,Day Low
2006-04-13 07:55:00,16438,16447,16436,16446,Day High
2006-04-18 02:00:00,16456,16557,16456,16535,Day Low
2006-04-18 07:59:00,16639,16653,16632,16653,Day High
2006-04-19 02:00:00,16746,16897,16746,16897,Day Low
2006-04-19 02:01:00,16900,16902,16881,16893,Day High
2006-04-20 02:26:00,16754,16762,16752,16758,Day Low
2006-04-20 07:52:00,16950,16956,16945,16951,Day High
2006-04-21 02:21:00,16810,16822,16808,16822,Day Low
2006-04-21 03:14:00,16973,16991,16973,16991,Day High
2006-04-21 03:15:00,16989,16991,16982,16989,Day High
2006-04-21 03:16:00,16982,16991,16982,16986,Day High
2006-04-24 02:00:00,16944,16944,16895,16914,Day High
2006-04-24 07:39:00,16693,16698,16681,16681,Day Low
2006-04-25 02:03:00,16738,16749,16734,16741,Day High
2006-04-25 07:45:00,16559,16563,16546,16548,Day Low
2006-04-26 03:04:00,16539,16541,16539,16539,Day Low
2006-04-26 03:05:00,16539,16543,16539,16543,Day Low
2006-04-26 07:03:00,16735,16739,16730,16730,Day High
2006-04-27 02:00:00,16690,16756,16690,16736,Day Low
2006-04-27 06:49:00,16824,16838,16822,16838,Day High
2006-04-27 06:50:00,16834,16838,16821,16821,Day High
2006-04-28 02:06:00,16436,16436,16427,16434,Day Low
2006-04-28 07:53:00,16660,16683,16660,16665,Day High
2006-05-02 02:00:00,16723,16770,16708,16767,Day Low
2006-05-02 02:06:00,16883,16898,16880,16893,Day High
2006-05-03 04:01:00,16979,16981,16970,16981,Day Low
2006-05-03 07:17:00,17074,17102,17074,17086,Day High
2006-05-04 02:00:00,17009,17009,16969,16983,Day Low
2006-05-04 02:54:00,17077,17077,17074,17074,Day High
2006-05-08 02:00:00,17083,17241,17083,17241,Day Low
2006-05-08 07:21:00,17324,17337,17317,17337,Day High
2006-05-09 02:00:00,17339,17339,17228,17228,Day High
2006-05-09 07:59:00,17133,17151,17121,17132,Day Low
2006-05-10 02:06:00,17237,17240,17233,17236,Day High
2006-05-10 04:29:00,17036,17036,17018,17025,Day Low
2006-05-11 02:11:00,17020,17021,17004,17012,Day Low
2006-05-11 04:28:00,17182,17185,17180,17180,Day High
2006-05-11 04:29:00,17182,17185,17182,17185,Day High
2006-05-12 02:00:00,17073,17073,16898,16903,Day High
2006-05-12 07:57:00,16907,16909,16881,16900,Day Low
2006-05-15 02:00:00,16851,16851,16653,16659,Day High
2006-05-15 07:57:00,16458,16473,16447,16465,Day Low
2006-05-16 02:00:00,16443,16443,16380,16400,Day High
2006-05-16 06:40:00,16251,16255,16242,16255,Day Low
2006-05-17 03:57:00,16420,16430,16420,16430,Day Low
2006-05-17 07:56:00,16614,16629,16607,16617,Day High
2006-05-17 07:57:00,16609,16629,16609,16615,Day High
2006-05-18 02:00:00,16495,16504,16181,16189,Day High
2006-05-18 02:35:00,16180,16181,16175,16181,Day Low
2006-05-19 02:03:00,16165,16165,16156,16164,Day Low
2006-05-19 06:35:00,16362,16362,16335,16338,Day High
2006-05-22 02:00:00,16301,16307,16290,16298,Day High
2006-05-22 07:58:00,15796,15827,15786,15799,Day Low
2006-05-23 06:59:00,15709,15709,15691,15696,Day Low
2006-05-23 07:57:00,15885,15895,15878,15886,Day High
2006-05-23 07:59:00,15884,15895,15855,15882,Day High
2006-05-24 02:00:00,15930,15930,15854,15859,Day High
2006-05-24 04:27:00,15681,15681,15672,15677,Day Low
2006-05-24 04:29:00,15677,15678,15672,15674,Day Low
2006-05-24 06:38:00,15921,15930,15916,15921,Day High
2006-05-25 02:00:00,15758,15768,15742,15754,Day High
2006-05-25 06:48:00,15634,15638,15627,15633,Day Low
2006-05-26 02:00:00,15760,15900,15760,15892,Day Low
2006-05-26 07:17:00,15919,15946,15919,15927,Day High
2006-05-29 04:13:00,16005,16006,16000,16000,Day High
2006-05-29 07:35:00,15923,15926,15919,15919,Day Low
2006-05-30 02:00:00,15978,15979,15947,15948,Day High
2006-05-30 07:59:00,15880,15880,15838,15853,Day Low
2006-06-01 02:45:00,15923,15923,15916,15916,Day High
2006-06-01 07:57:00,15614,15623,15603,15609,Day Low
2006-06-02 02:37:00,15679,15691,15673,15691,Day Low
2006-06-02 07:59:00,15912,15926,15901,15920,Day High
2006-06-05 02:00:00,15939,15955,15936,15954,Day Low
2006-06-05 03:45:00,16040,16057,16040,16054,Day High
2006-06-06 02:15:00,15823,15824,15819,15820,Day Low
2006-06-06 07:59:00,15964,15976,15948,15962,Day High
2006-06-07 02:04:00,15933,15936,15927,15930,Day High
2006-06-07 07:39:00,15776,15796,15774,15789,Day Low
2006-06-08 02:00:00,15829,15829,15609,15619,Day High
2006-06-08 07:52:00,15432,15445,15424,15440,Day Low
2006-06-08 07:54:00,15442,15449,15424,15435,Day Low
2006-06-09 03:57:00,15409,15416,15402,15415,Day Low
2006-06-09 07:59:00,15619,15644,15605,15615,Day High
2006-06-12 02:35:00,15514,15514,15510,15510,Day Low
2006-06-12 02:36:00,15510,15515,15510,15512,Day Low
2006-06-12 07:14:00,15680,15687,15664,15680,Day High
2006-06-12 07:15:00,15683,15687,15668,15676,Day High
2006-06-13 02:00:00,15494,15498,15442,15446,Day High
2006-06-13 07:45:00,15212,15220,15201,15220,Day Low
2006-06-14 02:00:00,15189,15270,15189,15268,Day Low
2006-06-14 06:30:00,15393,15397,15365,15374,Day High
2006-06-15 02:19:00,15448,15455,15448,15452,Day High
2006-06-15 04:26:00,15359,15361,15355,15361,Day Low
2006-06-15 07:59:00,15426,15455,15422,15441,Day High
2006-06-16 02:00:00,15572,15752,15572,15733,Day Low
2006-06-16 07:52:00,15843,15860,15841,15846,Day High
2006-06-16 07:53:00,15839,15860,15836,15850,Day High
2006-06-19 02:52:00,15725,15725,15725,15725,Day Low
2006-06-19 02:53:00,15725,15725,15725,15725,Day Low
2006-06-19 02:58:00,15727,15727,15725,15725,Day Low
2006-06-19 07:59:00,15758,15790,15752,15788,Day High
2006-06-20 02:00:00,15703,15723,15682,15689,Day High
2006-06-20 06:31:00,15557,15564,15555,15561,Day Low
2006-06-20 06:32:00,15557,15559,15555,15557,Day Low
2006-06-21 03:55:00,15529,15530,15521,15521,Day Low
2006-06-21 03:56:00,15521,15524,15521,15524,Day Low
2006-06-21 07:59:00,15663,15672,15647,15659,Day High
2006-06-22 02:00:00,15723,15858,15723,15853,Day Low
2006-06-22 06:38:00,15889,15892,15887,15887,Day High
2006-06-23 02:06:00,15688,15689,15683,15683,Day Low
2006-06-23 02:10:00,15687,15688,15683,15688,Day Low
2006-06-23 07:39:00,15819,15829,15805,15819,Day High
2006-06-26 02:05:00,15727,15738,15727,15736,Day Low
2006-06-26 03:33:00,15727,15733,15727,15733,Day Low
2006-06-26 06:35:00,15841,15841,15827,15835,Day High
2006-06-27 03:00:00,15891,15893,15885,15892,Day High
2006-06-27 07:59:00,15773,15789,15767,15778,Day Low
2006-06-28 02:01:00,15627,15629,15606,15624,Day Low
2006-06-28 07:59:00,15727,15751,15727,15741,Day High
2006-06-29 02:00:00,15762,15894,15762,15894,Day Low
2006-06-29 07:09:00,15902,15916,15902,15907,Day High
2006-06-30 02:00:00,15966,16175,15966,16159,Day Low
2006-06-30 07:59:00,16238,16274,16238,16262,Day High
2006-07-03 02:14:00,16237,16240,16235,16235,Day Low
2006-07-03 03:58:00,16367,16367,16360,16363,Day High
2006-07-04 03:05:00,16313,16316,16313,16313,Day Low
2006-07-04 03:44:00,16378,16385,16375,16375,Day High
2006-07-04 06:49:00,16315,16315,16313,16313,Day Low
2006-07-04 06:51:00,16313,16321,16313,16321,Day Low
2006-07-05 02:00:00,16396,16396,16348,16350,Day High
2006-07-05 07:59:00,16273,16288,16247,16261,Day Low
2006-07-06 02:01:00,16153,16162,16139,16162,Day Low
2006-07-06 07:52:00,16435,16448,16422,16431,Day High
2006-07-10 02:03:00,16347,16352,16341,16352,Day Low
2006-07-10 07:59:00,16594,16612,16562,16591,Day High
2006-07-11 02:00:00,16574,16574,16517,16528,Day High
2006-07-11 07:59:00,16490,16493,16472,16482,Day Low
2006-07-12 02:14:00,16553,16553,16539,16549,Day High
2006-07-12 02:20:00,16540,16553,16540,16549,Day High
2006-07-12 02:21:00,16553,16553,16549,16549,Day High
2006-07-12 04:23:00,16437,16438,16435,16438,Day Low
2006-07-12 04:24:00,16437,16440,16435,16440,Day Low
2006-07-13 02:11:00,16558,16560,16554,16558,Day High
2006-07-13 07:59:00,16300,16315,16283,16309,Day Low
2006-07-14 03:48:00,16064,16064,16062,16062,Day Low
2006-07-14 04:15:00,16152,16161,16146,16157,Day High
2006-07-17 02:00:00,16068,16074,15947,15959,Day Low
2006-07-17 07:24:00,16100,16104,16095,16096,Day High
2006-07-17 07:25:00,16093,16104,16088,16088,Day High
2006-07-18 03:17:00,16109,16110,16106,16110,Day High
2006-07-18 06:47:00,15985,15985,15967,15967,Day Low
2006-07-18 06:56:00,15981,15981,15967,15971,Day Low
2006-07-19 02:00:00,16059,16092,16059,16092,Day Low
2006-07-19 02:42:00,16164,16171,16164,16171,Day High
2006-07-19 02:43:00,16171,16171,16169,16169,Day High
2006-07-20 02:00:00,16288,16429,16288,16429,Day Low
2006-07-20 07:59:00,16479,16486,16454,16475,Day High
2006-07-21 02:03:00,16381,16383,16376,16383,Day Low
2006-07-21 07:06:00,16483,16486,16477,16477,Day High
2006-07-24 02:05:00,16359,16359,16354,16355,Day Low
2006-07-24 02:06:00,16354,16362,16354,16359,Day Low
2006-07-24 02:08:00,16354,16355,16354,16354,Day Low
2006-07-24 07:59:00,16470,16495,16470,16485,Day High
2006-07-25 03:30:00,16662,16670,16662,16666,Day High
2006-07-25 06:58:00,16670,16670,16663,16663,Day High
2006-07-25 07:58:00,16580,16591,16580,16588,Day Low
2006-07-26 02:26:00,16571,16571,16566,16566,Day Low
2006-07-26 07:58:00,16618,16638,16613,16618,Day High
2006-07-27 02:00:00,16652,16747,16647,16731,Day Low
2006-07-27 07:40:00,16934,16939,16915,16916,Day High
2006-07-28 02:00:00,16920,16939,16918,16933,Day Low
2006-07-28 02:41:00,17031,17035,17031,17035,Day High
2006-07-28 03:06:00,16928,16928,16918,16921,Day Low
2006-07-31 02:02:00,17108,17118,17105,17107,Day High
2006-07-31 07:59:00,16970,16984,16963,16982,Day Low
2006-08-01 02:00:00,17024,17024,16970,16979,Day High
2006-08-01 07:57:00,16911,16924,16903,16921,Day Low
2006-08-02 04:29:00,16867,16867,16867,16867,Day High
2006-08-02 04:29:00,16867,16867,16867,16867,Day Low
2006-08-03 02:00:00,17038,17056,16996,17039,Day Low
2006-08-03 02:16:00,17097,17097,17089,17089,Day High
2006-08-04 02:13:00,17097,17097,17090,17090,Day High
2006-08-04 02:14:00,17094,17097,17092,17092,Day High
2006-08-04 02:15:00,17094,17097,17093,17093,Day High
2006-08-04 07:58:00,16871,16879,16866,16877,Day Low
2006-08-07 06:40:00,16815,16819,16812,16812,Day Low
2006-08-07 07:54:00,16956,16968,16949,16963,Day High
2006-08-08 02:00:00,16982,17055,16982,17055,Day Low
2006-08-08 07:20:00,17054,17065,17050,17050,Day High
2006-08-09 02:04:00,16959,16968,16959,16962,Day Low
2006-08-09 07:59:00,17344,17355,17343,17349,Day High
2006-08-10 02:06:00,17338,17350,17336,17337,Day High
2006-08-10 07:58:00,17220,17224,17206,17213,Day Low
2006-08-11 03:17:00,17321,17324,17318,17319,Day High
2006-08-11 07:54:00,17212,17218,17211,17215,Day Low
2006-08-11 07:56:00,17216,17218,17211,17218,Day Low
2006-08-14 03:11:00,17221,17222,17216,17222,Day Low
2006-08-14 07:26:00,17302,17311,17286,17296,Day High
2006-08-15 02:25:00,17295,17295,17292,17292,Day High
2006-08-15 03:38:00,17249,17249,17243,17243,Day Low
2006-08-16 02:00:00,17305,17406,17305,17383,Day Low
2006-08-16 06:59:00,17469,17476,17469,17476,Day High
2006-08-17 02:00:00,17533,17546,17478,17480,Day High
2006-08-17 07:49:00,17343,17344,17329,17333,Day Low
2006-08-18 02:28:00,17408,17414,17408,17413,Day High
2006-08-18 07:41:00,17318,17322,17316,17316,Day Low
2006-08-21 02:22:00,17330,17330,17323,17323,Day High
2006-08-21 07:57:00,17001,17004,16994,17000,Day Low
2006-08-21 07:58:00,17003,17008,16994,17008,Day Low
2006-08-22 02:41:00,17041,17041,17038,17038,Day Low
2006-08-22 02:42:00,17040,17041,17038,17041,Day Low
2006-08-22 07:59:00,17145,17164,17145,17148,Day High
2006-08-23 02:00:00,17170,17170,17101,17101,Day High
2006-08-23 02:11:00,17017,17017,17010,17015,Day Low
2006-08-23 02:12:00,17013,17015,17010,17013,Day Low
2006-08-24 02:00:00,17065,17065,16963,16963,Day High
2006-08-24 07:50:00,16872,16875,16870,16873,Day Low
2006-08-24 07:51:00,16870,16883,16870,16883,Day Low
2006-08-25 02:06:00,17001,17005,17001,17002,Day High
2006-08-25 06:34:00,16898,16901,16895,16895,Day Low
2006-08-28 02:43:00,16996,16999,16995,16995,Day High
2006-08-28 07:59:00,16919,16923,16908,16912,Day Low
2006-08-29 02:00:00,16925,16994,16925,16994,Day Low
2006-08-29 07:58:00,17101,17102,17097,17098,Day High
2006-08-30 02:00:00,17156,17164,17127,17141,Day Low
2006-08-30 07:59:00,17277,17296,17276,17296,Day High
2006-08-31 02:00:00,17304,17405,17304,17405,Day Low
2006-08-31 02:02:00,17414,17426,17414,17416,Day High
2006-09-01 02:48:00,17316,17316,17308,17308,Day Low
2006-09-01 04:01:00,17511,17514,17505,17505,Day High
2006-09-04 02:00:00,17433,17524,17433,17523,Day Low
2006-09-04 07:52:00,17518,17539,17513,17519,Day High
2006-09-05 02:00:00,17506,17518,17506,17516,Day High
2006-09-05 07:43:00,17405,17409,17404,17409,Day Low
2006-09-06 02:00:00,17434,17452,17428,17435,Day High
2006-09-06 07:12:00,17219,17219,17207,17213,Day Low
2006-09-07 02:00:00,17210,17210,17090,17090,Day High
2006-09-07 03:53:00,17044,17049,17044,17048,Day Low
2006-09-08 02:00:00,17060,17072,17056,17070,Day Low
2006-09-08 03:58:00,17172,17172,17162,17164,Day High
2006-09-11 02:00:00,17170,17170,17144,17154,Day High
2006-09-11 07:31:00,16938,16941,16927,16935,Day Low
2006-09-12 02:00:00,16918,16939,16915,16933,Day Low
2006-09-12 07:25:00,17118,17131,17118,17119,Day High
2006-09-13 02:00:00,17090,17207,17090,17205,Day Low
2006-09-13 02:04:00,17216,17237,17215,17236,Day High
2006-09-14 02:02:00,17279,17305,17277,17302,Day High
2006-09-14 03:53:00,17149,17151,17140,17144,Day Low
2006-09-15 02:00:00,17166,17177,17141,17171,Day Low
2006-09-15 07:59:00,17237,17249,17216,17233,Day High
2006-09-18 02:00:00,17241,17263,17235,17262,Day Low
2006-09-18 07:11:00,17420,17428,17414,17414,Day High
2006-09-19 03:11:00,17426,17426,17420,17420,Day High
2006-09-19 03:13:00,17421,17426,17421,17426,Day High
2006-09-19 03:14:00,17424,17426,17424,17426,Day High
2006-09-19 07:07:00,17314,17324,17314,17324,Day Low
2006-09-20 02:00:00,17270,17275,17222,17236,Day Low
2006-09-20 07:55:00,17520,17528,17518,17518,Day High
2006-09-21 02:00:00,17508,17565,17508,17539,Day Low
2006-09-21 02:12:00,17656,17665,17656,17665,Day High
2006-09-21 02:13:00,17662,17665,17658,17658,Day High
2006-09-22 03:01:00,17512,17518,17511,17516,Day Low
2006-09-22 07:13:00,17634,17639,17631,17637,Day High
2006-09-22 07:14:00,17634,17639,17634,17639,Day High
2006-09-25 02:01:00,17541,17544,17538,17544,Day Low
2006-09-25 04:07:00,17669,17688,17669,17680,Day High
2006-09-26 02:00:00,17595,17604,17582,17601,Day High
2006-09-26 07:07:00,17338,17339,17275,17278,Day Low
2006-09-27 03:57:00,17413,17413,17404,17404,Day Low
2006-09-27 03:58:00,17409,17410,17404,17410,Day Low
2006-09-27 07:42:00,17535,17542,17531,17536,Day High
2006-09-28 03:01:00,17510,17510,17505,17508,Day Low
2006-09-28 03:02:00,17505,17512,17505,17512,Day Low
2006-09-28 06:58:00,17599,17605,17599,17600,Day High
2006-09-28 06:59:00,17598,17605,17591,17605,Day High
2006-09-29 02:08:00,17582,17589,17582,17589,Day High
2006-09-29 02:09:00,17587,17589,17579,17580,Day High
2006-09-29 03:46:00,17351,17354,17350,17354,Day Low
2006-10-03 02:04:00,17437,17438,17426,17429,Day Low
2006-10-03 07:30:00,17636,17649,17632,17646,Day High
2006-10-04 06:31:00,17546,17547,17539,17542,Day Low
2006-10-04 07:47:00,17670,17680,17659,17669,Day High
2006-10-05 03:41:00,17808,17816,17808,17816,Day Low
2006-10-05 07:33:00,17922,17942,17922,17937,Day High
2006-10-06 03:49:00,17852,17852,17847,17850,Day Low
2006-10-06 07:03:00,17932,17932,17922,17922,Day High
2006-10-09 02:00:00,17898,17898,17836,17838,Day High
2006-10-09 02:54:00,17593,17603,17589,17602,Day Low
2006-10-10 02:00:00,17729,17762,17729,17747,Day Low
2006-10-10 07:05:00,17850,17856,17844,17850,Day High
2006-10-11 03:35:00,17741,17744,17738,17741,Day Low
2006-10-11 07:42:00,17866,17880,17864,17875,Day High
2006-10-12 02:06:00,17943,17950,17943,17944,Day High
2006-10-12 04:02:00,17842,17842,17836,17837,Day Low
2006-10-12 04:09:00,17843,17845,17836,17837,Day Low
2006-10-12 04:11:00,17836,17847,17836,17847,Day Low
2006-10-13 03:59:00,18059,18067,18059,18064,Day High
2006-10-13 07:55:00,17950,17955,17947,17954,Day Low
2006-10-16 02:00:00,17993,18071,17993,18067,Day High
2006-10-16 07:01:00,17962,17962,17958,17958,Day Low
2006-10-17 02:57:00,17851,17851,17822,17824,Day Low
2006-10-17 07:07:00,18053,18075,18050,18074,Day High
2006-10-18 02:03:00,17888,17888,17877,17882,Day Low
2006-10-18 07:59:00,18041,18052,18033,18049,Day High
2006-10-19 02:02:00,18076,18076,18065,18067,Day High
2006-10-19 06:49:00,17941,17947,17938,17944,Day Low
2006-10-20 02:00:00,17995,18034,17995,18034,Day Low
2006-10-20 07:14:00,18117,18148,18116,18140,Day High
2006-10-23 02:00:00,18189,18189,18150,18154,Day High
2006-10-23 07:07:00,18070,18080,18066,18080,Day Low
2006-10-23 07:42:00,18066,18076,18066,18073,Day Low
2006-10-24 02:00:00,18105,18132,18105,18131,Day Low
2006-10-24 02:16:00,18176,18176,18157,18161,Day High
2006-10-25 02:41:00,18106,18110,18106,18110,Day Low
2006-10-25 07:48:00,18168,18175,18158,18158,Day High
2006-10-26 02:00:00,18167,18273,18167,18265,Day Low
2006-10-26 06:50:00,18364,18383,18364,18379,Day High
2006-10-27 03:43:00,18466,18466,18456,18456,Day High
2006-10-27 07:44:00,18253,18255,18234,18239,Day Low
2006-10-27 07:45:00,18241,18252,18234,18239,Day Low
2006-10-27 07:49:00,18250,18256,18234,18239,Day Low
2006-10-27 07:50:00,18241,18255,18234,18245,Day Low
2006-10-27 07:51:00,18250,18250,18234,18237,Day Low
2006-10-31 02:04:00,18170,18171,18153,18160,Day Low
2006-10-31 02:06:00,18155,18165,18153,18165,Day Low
2006-10-31 07:59:00,18311,18350,18311,18350,Day High
2006-11-01 02:00:00,18339,18400,18339,18391,Day Low
2006-11-01 07:03:00,18491,18495,18488,18489,Day High
2006-11-02 02:14:00,18420,18422,18396,18396,Day Low
2006-11-02 02:15:00,18399,18406,18396,18403,Day Low
2006-11-02 07:57:00,18692,18726,18692,18714,Day High
2006-11-02 07:58:00,18709,18726,18709,18721,Day High
2006-11-03 02:38:00,18771,18772,18760,18760,Day High
2006-11-03 04:12:00,18644,18653,18644,18653,Day Low
2006-11-06 02:00:00,18698,18715,18685,18699,Day Low
2006-11-06 07:59:00,18933,18942,18927,18930,Day High
2006-11-07 07:07:00,19148,19156,19148,19153,Day High
2006-11-07 07:43:00,18862,18868,18850,18862,Day Low
2006-11-08 02:00:00,19037,19037,18924,18926,Day High
2006-11-08 07:45:00,18752,18759,18746,18756,Day Low
2006-11-09 02:00:00,18814,18890,18814,18866,Day Low
2006-11-09 02:37:00,18984,18993,18978,18993,Day High
2006-11-09 03:17:00,18986,18993,18986,18991,Day High
2006-11-09 03:18:00,18993,18993,18986,18986,Day High
2006-11-10 03:02:00,18971,18977,18970,18970,Day High
2006-11-10 07:38:00,18866,18866,18860,18860,Day Low
2006-11-10 07:42:00,18862,18874,18860,18873,Day Low
2006-11-13 02:06:00,18718,18726,18715,18722,Day Low
2006-11-13 07:25:00,18883,18905,18883,18901,Day High
2006-11-14 02:11:00,18986,18993,18980,18980,Day High
2006-11-14 07:12:00,18763,18764,18759,18762,Day Low
2006-11-15 02:00:00,18854,18946,18854,18946,Day Low
2006-11-15 07:06:00,19108,19109,19096,19109,Day High
2006-11-16 02:13:00,19228,19238,19228,19236,Day High
2006-11-16 02:57:00,19052,19059,19044,19059,Day Low
2006-11-17 02:00:00,19135,19135,19094,19126,Day Low
2006-11-17 02:50:00,19210,19219,19205,19208,Day High
2006-11-20 02:00:00,19170,19170,19039,19064,Day High
2006-11-20 07:29:00,18937,18937,18929,18931,Day Low
2006-11-21 03:31:00,19060,19063,19054,19054,Day High
2006-11-21 03:32:00,19059,19063,19052,19052,Day High
2006-11-21 03:33:00,19054,19063,19054,19063,Day High
2006-11-21 03:34:00,19061,19063,19055,19055,Day High
2006-11-21 06:45:00,19057,19063,19057,19058,Day High
2006-11-21 07:11:00,18966,18968,18957,18968,Day Low
2006-11-22 02:00:00,19056,19104,19056,19087,Day Low
2006-11-22 07:59:00,19244,19260,19244,19252,Day High
2006-11-23 06:45:00,19393,19405,19393,19405,Day High
2006-11-23 06:46:00,19403,19405,19395,19396,Day High
2006-11-23 07:46:00,19247,19254,19244,19248,Day Low
2006-11-24 02:04:00,19204,19206,19198,19204,Day Low
2006-11-24 06:52:00,19309,19315,19308,19312,Day High
2006-11-24 06:54:00,19310,19315,19310,19315,Day High
2006-11-27 02:10:00,19322,19328,19322,19327,Day High
2006-11-27 03:46:00,19128,19129,19123,19129,Day Low
2006-11-28 02:00:00,19100,19100,18979,18986,Day High
2006-11-28 07:56:00,18625,18634,18619,18634,Day Low
2006-11-29 02:00:00,18665,18738,18665,18731,Day Low
2006-11-29 06:39:00,18836,18844,18836,18844,Day High
2006-11-30 02:00:00,18884,18958,18884,18947,Day Low
2006-11-30 02:46:00,19030,19034,19026,19026,Day High
2006-12-01 02:32:00,18941,18948,18937,18941,Day High
2006-12-01 07:57:00,18660,18671,18644,18653,Day Low
2006-12-04 02:15:00,18593,18596,18587,18596,Day Low
2006-12-04 06:57:00,18768,18768,18759,18759,Day High
2006-12-05 02:00:00,18789,18868,18789,18867,Day Low
2006-12-05 07:59:00,18936,18956,18929,18956,Day High
2006-12-06 02:27:00,19118,19126,19118,19122,Day High
2006-12-06 03:45:00,18946,18946,18933,18935,Day Low
2006-12-07 03:56:00,19020,19042,19020,19039,Day High
2006-12-07 03:57:00,19042,19042,19039,19039,Day High
2006-12-07 07:35:00,18786,18794,18778,18782,Day Low
2006-12-08 03:21:00,18793,18799,18793,18799,Day High
2006-12-08 07:20:00,18676,18676,18663,18669,Day Low
2006-12-11 02:00:00,18768,18867,18767,18867,Day Low
2006-12-11 06:56:00,18960,18967,18960,18965,Day High
2006-12-12 02:00:00,19000,19019,18992,19007,Day High
2006-12-12 04:29:00,18832,18832,18819,18822,Day Low
2006-12-13 02:00:00,18856,18872,18850,18870,Day High
2006-12-13 04:29:00,18622,18630,18622,18628,Day Low
2006-12-14 02:37:00,18780,18785,18775,18785,Day Low
2006-12-14 06:53:00,18943,18957,18943,18955,Day High
2006-12-14 06:54:00,18956,18957,18947,18952,Day High
2006-12-15 06:39:00,19127,19131,19100,19100,Day High
2006-12-15 07:29:00,19025,19025,19013,19022,Day Low
2006-12-18 02:19:00,19052,19057,19047,19047,Day Low
2006-12-18 07:02:00,19205,19217,19205,19212,Day High
2006-12-19 02:00:00,19200,19200,19156,19166,Day High
2006-12-19 06:31:00,18919,18919,18905,18910,Day Low
2006-12-20 02:00:00,19056,19122,19043,19114,Day Low
2006-12-20 07:47:00,19272,19276,19262,19262,Day High
2006-12-21 02:06:00,19275,19275,19261,19264,Day High
2006-12-21 02:32:00,19165,19174,19158,19172,Day Low
2006-12-22 02:11:00,19199,19204,19197,19204,Day Low
2006-12-22 07:59:00,19312,19331,19311,19326,Day High
2006-12-27 02:13:00,19516,19516,19502,19513,Day Low
2006-12-27 07:59:00,19711,19745,19711,19720,Day High
2006-12-28 02:02:00,19694,19710,19686,19710,Day Low
2006-12-28 07:58:00,20042,20044,20010,20010,Day High
2006-12-29 02:00:00,20018,20040,20002,20019,Day High
2006-12-29 07:14:00,19887,19895,19885,19895,Day Low